user_id,date_created
user_1,2024-02-16
user_1,2024-02-14
user_2,2024-02-23
user_2,2024-01-17
user_3,2024-02-23
user_4,2024-02-22
user_4,2024-02-18
user_5,2024-02-23
user_5,2024-02-21
user_6,2024-02-19
user_6,2024-02-10
user_7,2024-02-23
user_8,2024-02-23
user_9,2024-02-23
user_9,2024-02-04
user_10,2024-02-23
user_11,2024-02-23
user_12,2024-02-23
user_13,2024-02-23
user_13,2024-01-03
user_14,2024-02-23
user_15,2024-02-23
user_15,2024-01-09
user_16,2024-02-02
user_16,2024-01-27
user_17,2024-02-23
user_17,2023-12-29
user_18,2024-02-23
user_18,2024-02-21
user_19,2023-12-28
user_19,2023-12-20
user_20,2024-02-23
user_20,2024-02-11
user_21,2024-01-21
user_21,2024-01-15
user_22,2024-02-23
user_22,2024-01-02
user_23,2024-02-23
user_23,2024-02-13
user_24,2024-02-23
user_24,2024-01-09
user_25,2023-12-25
user_25,2023-12-21
user_26,2024-02-23
user_26,2024-02-01
user_27,2024-02-23
user_27,2024-02-08
user_28,2024-02-21
user_28,2024-02-12
user_29,2024-01-24
user_29,2024-01-14
user_30,2024-02-02
user_30,2024-01-24
user_31,2024-02-06
user_31,2024-02-03
user_32,2024-02-23
user_33,2024-02-23
user_33,2024-02-17
user_34,2024-02-23
user_35,2024-01-07
user_35,2023-12-28
user_36,2024-02-23
user_36,2024-02-16
user_37,2024-02-23
user_38,2024-02-23
user_39,2024-02-23
user_39,2024-02-20
user_40,2024-02-23
user_40,2024-01-03
user_41,2024-02-16
user_41,2024-02-14
user_42,2024-01-16
user_42,2024-01-08
user_43,2024-02-23
user_43,2024-01-06
user_44,2024-02-23
user_44,2024-01-29
user_45,2024-02-23
user_45,2024-02-22
user_46,2024-01-11
user_46,2024-01-05
user_47,2024-02-23
user_47,2024-01-10
user_48,2024-02-23
user_48,2024-02-22
user_49,2024-02-23
user_49,2024-02-22
user_50,2024-02-21
user_50,2024-02-13
user_51,2024-02-11
user_51,2024-02-07
user_52,2024-02-23
user_52,2024-02-20
user_53,2024-01-10
user_53,2024-01-04
user_54,2024-02-23
user_54,2024-02-19
user_55,2024-02-21
user_55,2024-02-19
user_56,2024-02-23
user_56,2024-02-16
user_57,2024-02-23
user_57,2024-02-09
user_58,2024-02-21
user_58,2024-02-19
user_59,2024-02-23
user_59,2024-02-04
user_60,2024-01-19
user_60,2024-01-11
user_61,2024-02-17
user_61,2024-02-16
user_62,2024-02-23
user_62,2024-02-09
user_63,2024-01-26
user_63,2024-01-17
user_64,2024-02-23
user_64,2024-02-03
user_65,2024-02-23
user_65,2024-01-20
user_66,2024-02-23
user_66,2024-02-21
user_67,2024-02-23
user_67,2024-02-06
user_68,2024-02-16
user_68,2024-02-14
user_69,2024-02-09
user_69,2024-01-31
user_70,2024-01-24
user_70,2024-01-17
user_71,2024-02-22
user_71,2024-02-15
user_72,2024-02-15
user_72,2024-02-11
user_73,2024-02-02
user_73,2024-02-01
user_74,2024-02-17
user_74,2024-02-12
user_75,2024-02-02
user_75,2024-01-24
user_76,2024-02-23
user_76,2024-01-29
user_77,2024-02-01
user_77,2024-01-31
user_78,2024-02-14
user_78,2024-02-08
user_79,2024-02-23
user_80,2024-02-23
user_80,2024-02-15
user_81,2024-01-16
user_81,2024-01-08
user_82,2024-02-23
user_82,2024-02-14
user_83,2024-02-18
user_83,2024-02-13
user_84,2024-02-23
user_84,2024-02-15
user_85,2024-02-23
user_86,2024-02-23
user_86,2024-01-24
user_87,2024-02-19
user_87,2024-02-17
user_88,2023-12-27
user_88,2023-12-19
user_89,2024-02-10
user_89,2024-01-31
user_90,2024-02-23
user_90,2024-02-02
user_91,2024-02-23
user_91,2024-02-17
user_92,2024-01-29
user_92,2024-01-25
user_93,2024-01-07
user_93,2024-01-03
user_94,2024-02-08
user_94,2024-02-07
user_95,2024-02-23
user_95,2024-01-09
user_96,2024-02-23
user_96,2024-02-18
user_97,2024-02-17
user_97,2024-02-16
user_98,2024-02-23
user_98,2024-02-03
user_99,2023-12-29
user_99,2023-12-22
user_100,2024-02-23
user_100,2024-01-29
user_101,2024-02-23
user_101,2024-01-02
user_102,2023-12-25
user_102,2023-12-17
user_103,2024-02-23
user_104,2024-02-23
user_104,2024-02-17
user_105,2024-02-18
user_105,2024-02-11
user_106,2024-01-20
user_106,2024-01-19
user_107,2024-01-25
user_107,2024-01-20
user_108,2024-02-23
user_108,2024-02-18
user_109,2024-02-23
user_109,2023-12-26
user_110,2023-12-26
user_110,2023-12-22
user_111,2024-02-23
user_111,2024-02-19
user_112,2024-02-23
user_112,2024-02-12
user_113,2024-02-07
user_113,2024-02-02
user_114,2024-02-23
user_115,2024-01-30
user_115,2024-01-21
user_116,2024-02-23
user_116,2024-01-19
user_117,2024-01-19
user_117,2024-01-17
user_118,2024-02-20
user_118,2024-02-18
user_119,2024-02-23
user_119,2024-01-06
user_120,2024-02-23
user_120,2024-02-01
user_121,2024-02-23
user_121,2023-12-28
user_122,2024-02-20
user_122,2024-02-15
user_123,2024-02-23
user_124,2024-01-27
user_124,2024-01-20
user_125,2024-01-12
user_125,2024-01-09
user_126,2024-02-01
user_126,2024-01-31
user_127,2024-02-23
user_127,2024-02-20
user_128,2024-02-20
user_128,2024-02-18
user_129,2024-02-23
user_129,2024-02-15
user_130,2024-02-18
user_130,2024-02-16
user_131,2024-02-23
user_131,2024-02-10
user_132,2024-02-20
user_132,2024-02-14
user_133,2024-01-19
user_133,2024-01-14
user_134,2024-02-23
user_135,2024-02-23
user_136,2024-02-23
user_137,2024-02-22
user_137,2024-02-16
user_138,2024-02-23
user_139,2024-01-12
user_139,2024-01-06
user_140,2024-02-23
user_141,2024-02-23
user_142,2024-02-23
user_143,2024-02-23
user_143,2024-01-16
user_144,2024-02-23
user_145,2024-02-23
user_146,2024-02-23
user_146,2024-02-20
user_147,2024-02-10
user_147,2024-02-04
user_148,2024-01-08
user_148,2024-01-02
user_149,2024-02-23
user_149,2024-01-27
user_150,2024-02-23
user_150,2024-02-20
user_151,2024-02-23
user_151,2024-02-15
user_152,2024-02-23
user_152,2024-01-27
user_153,2024-02-01
user_153,2024-01-25
user_154,2024-02-16
user_154,2024-02-07
user_155,2024-02-23
user_156,2024-02-20
user_156,2024-02-13
user_157,2024-02-23
user_158,2024-01-07
user_158,2024-01-01
user_159,2024-02-23
user_159,2024-02-06
user_160,2024-02-23
user_160,2024-02-21
user_161,2024-02-17
user_161,2024-02-14
user_162,2024-02-23
user_162,2024-02-10
user_163,2024-02-20
user_163,2024-02-17
user_164,2024-01-12
user_164,2024-01-09
user_165,2024-02-15
user_165,2024-02-09
user_166,2024-01-30
user_166,2024-01-20
user_167,2024-02-23
user_168,2024-01-28
user_168,2024-01-26
user_169,2024-02-23
user_170,2024-02-23
user_171,2024-01-13
user_171,2024-01-07
user_172,2024-02-23
user_172,2024-02-18
user_173,2024-02-23
user_173,2024-02-20
user_174,2024-02-23
user_174,2024-02-17
user_175,2024-02-14
user_175,2024-02-12
user_176,2024-01-09
user_176,2023-12-31
user_177,2024-02-23
user_177,2024-01-02
user_178,2024-02-23
user_178,2024-02-19
user_179,2024-02-23
user_179,2024-01-07
user_180,2024-02-23
user_180,2024-02-20
user_181,2024-02-20
user_181,2024-02-17
user_182,2024-02-23
user_183,2024-02-23
user_184,2024-01-01
user_184,2023-12-22
user_185,2024-02-23
user_185,2024-01-09
user_186,2024-02-16
user_186,2024-02-15
user_187,2023-12-30
user_187,2023-12-21
user_188,2024-01-26
user_188,2024-01-18
user_189,2024-01-23
user_189,2024-01-21
user_190,2024-02-23
user_190,2024-01-03
user_191,2024-02-23
user_192,2024-02-16
user_192,2024-02-12
user_193,2024-01-31
user_193,2024-01-29
user_194,2024-02-23
user_195,2024-02-23
user_195,2024-01-25
user_196,2024-02-23
user_196,2024-02-17
user_197,2024-02-23
user_197,2023-12-30
user_198,2024-02-23
user_198,2024-02-17
user_199,2024-02-16
user_199,2024-02-13
user_200,2024-02-19
user_200,2024-02-11
user_201,2024-01-08
user_201,2024-01-04
user_202,2024-02-23
user_202,2024-01-15
user_203,2024-02-19
user_203,2024-02-17
user_204,2024-02-23
user_205,2024-01-09
user_205,2024-01-02
user_206,2024-02-05
user_206,2024-02-03
user_207,2023-12-29
user_207,2023-12-22
user_208,2024-02-23
user_208,2024-01-20
user_209,2024-02-23
user_209,2024-01-17
user_210,2024-02-23
user_211,2024-02-23
user_211,2024-02-17
user_212,2024-02-23
user_212,2024-01-02
user_213,2024-02-20
user_213,2024-02-10
user_214,2024-02-23
user_214,2024-02-04
user_215,2024-01-09
user_215,2023-12-30
user_216,2024-02-21
user_216,2024-02-16
user_217,2024-02-23
user_218,2024-02-23
user_218,2024-02-13
user_219,2024-02-23
user_220,2024-02-23
user_220,2024-01-07
user_221,2024-02-23
user_221,2024-02-10
user_222,2024-02-19
user_222,2024-02-11
user_223,2024-02-23
user_224,2024-02-18
user_224,2024-02-11
user_225,2024-01-06
user_225,2024-01-02
user_226,2024-02-23
user_226,2024-01-10
user_227,2024-02-02
user_227,2024-01-27
user_228,2024-02-23
user_228,2024-02-22
user_229,2024-02-23
user_229,2024-01-31
user_230,2024-02-23
user_230,2024-02-17
user_231,2024-02-23
user_232,2024-02-23
user_232,2024-02-04
user_233,2024-02-23
user_233,2024-02-04
user_234,2024-02-23
user_234,2024-01-21
user_235,2024-01-06
user_235,2024-01-04
user_236,2024-02-23
user_237,2024-02-23
user_237,2024-02-18
user_238,2024-02-03
user_238,2024-02-01
user_239,2024-02-05
user_239,2024-01-31
user_240,2024-02-23
user_241,2024-01-25
user_241,2024-01-22
user_242,2024-02-23
user_242,2024-01-21
user_243,2024-02-18
user_243,2024-02-17
user_244,2024-02-17
user_244,2024-02-11
user_245,2023-12-26
user_245,2023-12-16
user_246,2024-02-23
user_247,2024-02-23
user_248,2024-02-16
user_248,2024-02-07
user_249,2024-02-23
user_249,2024-01-27
user_250,2024-02-23
user_251,2024-02-23
user_251,2023-12-25
user_252,2024-02-23
user_252,2024-02-21
user_253,2024-02-23
user_253,2024-01-28
user_254,2024-02-10
user_254,2024-02-08
user_255,2024-02-23
user_255,2024-02-18
user_256,2024-02-23
user_256,2024-02-19
user_257,2024-02-23
user_257,2024-01-05
user_258,2024-02-18
user_258,2024-02-17
user_259,2024-02-23
user_259,2024-02-10
user_260,2024-02-23
user_260,2024-02-19
user_261,2024-02-23
user_261,2024-01-13
user_262,2024-01-26
user_262,2024-01-19
user_263,2024-02-03
user_263,2024-02-02
user_264,2024-02-23
user_264,2024-02-21
user_265,2024-02-23
user_265,2024-02-14
user_266,2024-02-23
user_266,2024-02-20
user_267,2024-02-23
user_267,2024-02-07
user_268,2024-02-23
user_268,2024-02-20
user_269,2024-02-03
user_269,2024-01-29
user_270,2024-02-23
user_270,2023-12-30
user_271,2024-02-16
user_271,2024-02-10
user_272,2024-02-23
user_272,2024-01-26
user_273,2024-02-23
user_273,2024-01-27
user_274,2024-01-27
user_274,2024-01-19
user_275,2024-02-23
user_275,2024-01-06
user_276,2024-02-16
user_276,2024-02-08
user_277,2024-01-26
user_277,2024-01-20
user_278,2024-01-06
user_278,2023-12-27
user_279,2024-02-23
user_279,2024-02-03
user_280,2024-02-19
user_280,2024-02-11
user_281,2024-01-28
user_281,2024-01-21
user_282,2024-02-23
user_282,2024-01-07
user_283,2024-02-14
user_283,2024-02-12
user_284,2024-02-23
user_284,2023-12-27
user_285,2024-02-23
user_285,2024-01-25
user_286,2024-02-23
user_287,2024-02-23
user_288,2024-02-16
user_288,2024-02-10
user_289,2023-12-31
user_289,2023-12-26
user_290,2024-02-23
user_290,2024-01-30
user_291,2024-02-23
user_291,2024-02-19
user_292,2024-02-23
user_293,2024-02-23
user_293,2024-02-10
user_294,2024-02-23
user_294,2023-12-25
user_295,2024-02-23
user_295,2024-02-17
user_296,2024-02-23
user_296,2024-01-09
user_297,2024-02-13
user_297,2024-02-07
user_298,2024-02-23
user_298,2024-02-22
user_299,2024-01-25
user_299,2024-01-15
user_300,2024-02-19
user_300,2024-02-10
user_301,2024-02-12
user_301,2024-02-05
user_302,2024-02-18
user_302,2024-02-10
user_303,2023-12-26
user_303,2023-12-22
user_304,2023-12-26
user_304,2023-12-23
user_305,2024-02-23
user_305,2024-01-05
user_306,2024-02-23
user_306,2024-01-17
user_307,2024-02-23
user_307,2024-02-21
user_308,2024-02-23
user_308,2024-01-08
user_309,2024-02-23
user_309,2024-02-22
user_310,2024-02-23
user_311,2024-02-23
user_311,2024-01-25
user_312,2024-02-23
user_313,2024-02-23
user_313,2024-01-23
user_314,2024-02-23
user_315,2024-02-23
user_316,2024-01-11
user_316,2024-01-10
user_317,2023-12-29
user_317,2023-12-25
user_318,2024-02-23
user_319,2024-02-07
user_319,2024-01-29
user_320,2024-02-23
user_320,2024-01-19
user_321,2024-02-23
user_321,2024-02-16
user_322,2024-02-23
user_323,2024-01-29
user_323,2024-01-24
user_324,2024-02-23
user_324,2024-01-09
user_325,2024-02-23
user_325,2024-02-13
user_326,2024-02-21
user_326,2024-02-15
user_327,2024-01-19
user_327,2024-01-16
user_328,2024-02-20
user_328,2024-02-13
user_329,2024-02-23
user_330,2024-02-23
user_330,2024-02-21
user_331,2024-02-23
user_331,2023-12-30
user_332,2024-02-23
user_332,2024-02-22
user_333,2024-02-23
user_333,2024-02-21
user_334,2024-02-23
user_334,2024-01-16
user_335,2024-02-23
user_335,2023-12-30
user_336,2024-02-23
user_336,2024-02-19
user_337,2024-02-23
user_337,2024-01-23
user_338,2024-02-07
user_338,2024-01-30
user_339,2024-02-20
user_339,2024-02-15
user_340,2024-02-21
user_340,2024-02-18
user_341,2023-12-31
user_341,2023-12-25
user_342,2024-02-23
user_343,2024-01-03
user_343,2024-01-01
user_344,2024-01-10
user_344,2024-01-08
user_345,2024-02-23
user_346,2024-02-18
user_346,2024-02-12
user_347,2024-02-16
user_347,2024-02-15
user_348,2024-01-12
user_348,2024-01-10
user_349,2024-02-23
user_349,2024-02-17
user_350,2024-02-23
user_351,2024-02-23
user_351,2024-02-17
user_352,2024-02-23
user_353,2023-12-25
user_353,2023-12-17
user_354,2024-02-19
user_354,2024-02-17
user_355,2024-01-13
user_355,2024-01-03
user_356,2024-02-23
user_356,2024-02-20
user_357,2024-02-23
user_357,2024-02-09
user_358,2024-01-31
user_358,2024-01-26
user_359,2024-02-14
user_359,2024-02-10
user_360,2024-02-23
user_361,2024-02-23
user_361,2024-02-09
user_362,2024-02-23
user_363,2024-01-15
user_363,2024-01-14
user_364,2024-02-22
user_364,2024-02-17
user_365,2024-02-23
user_365,2024-02-18
user_366,2024-02-23
user_366,2024-02-02
user_367,2024-02-23
user_367,2024-02-21
user_368,2024-02-23
user_368,2024-02-17
user_369,2024-02-23
user_369,2024-01-26
user_370,2024-01-28
user_370,2024-01-19
user_371,2024-02-23
user_372,2024-02-09
user_372,2024-01-31
user_373,2024-02-06
user_373,2024-01-30
user_374,2024-02-23
user_374,2023-12-25
user_375,2024-02-03
user_375,2024-02-02
user_376,2024-02-23
user_376,2024-02-18
user_377,2024-01-23
user_377,2024-01-17
user_378,2024-02-23
user_378,2024-01-26
user_379,2024-02-23
user_379,2024-01-10
user_380,2024-02-23
user_381,2024-01-09
user_381,2024-01-05
user_382,2024-01-12
user_382,2024-01-09
user_383,2024-02-23
user_383,2024-02-05
user_384,2024-02-23
user_384,2024-01-06
user_385,2024-02-23
user_385,2024-02-19
user_386,2024-02-23
user_387,2024-02-22
user_387,2024-02-14
user_388,2024-02-23
user_388,2024-02-20
user_389,2024-02-10
user_389,2024-02-01
user_390,2024-02-18
user_390,2024-02-13
user_391,2024-02-05
user_391,2024-01-29
user_392,2024-02-23
user_393,2024-02-23
user_393,2024-02-17
user_394,2024-02-23
user_395,2024-02-23
user_395,2024-01-13
user_396,2024-02-23
user_396,2024-01-28
user_397,2024-02-23
user_397,2024-01-10
user_398,2024-02-23
user_398,2024-02-13
user_399,2024-02-23
user_399,2024-02-11
user_400,2024-02-23
user_400,2024-02-07
user_401,2024-02-23
user_401,2024-02-19
user_402,2024-01-13
user_402,2024-01-10
user_403,2024-02-17
user_403,2024-02-07
user_404,2024-02-23
user_404,2024-01-19
user_405,2024-02-23
user_405,2024-01-23
user_406,2024-02-23
user_406,2023-12-31
user_407,2024-01-13
user_407,2024-01-05
user_408,2024-02-23
user_408,2024-02-08
user_409,2024-02-23
user_409,2024-02-19
user_410,2024-02-23
user_411,2024-01-23
user_411,2024-01-17
user_412,2024-01-21
user_412,2024-01-19
user_413,2024-02-15
user_413,2024-02-10
user_414,2023-12-28
user_414,2023-12-24
user_415,2024-02-23
user_415,2024-01-01
user_416,2024-02-16
user_416,2024-02-10
user_417,2024-02-23
user_418,2024-02-23
user_418,2024-01-06
user_419,2024-01-23
user_419,2024-01-15
user_420,2024-02-23
user_420,2023-12-30
user_421,2023-12-25
user_421,2023-12-23
user_422,2024-02-23
user_422,2024-02-22
user_423,2024-02-17
user_423,2024-02-12
user_424,2024-02-23
user_425,2024-02-23
user_425,2024-02-17
user_426,2024-02-23
user_426,2024-01-26
user_427,2023-12-31
user_427,2023-12-21
user_428,2024-02-23
user_429,2024-02-20
user_429,2024-02-15
user_430,2024-02-23
user_431,2024-02-23
user_431,2024-02-18
user_432,2024-02-23
user_433,2024-02-16
user_433,2024-02-09
user_434,2023-12-28
user_434,2023-12-27
user_435,2024-02-23
user_435,2024-02-21
user_436,2024-02-18
user_436,2024-02-09
user_437,2024-02-23
user_437,2024-01-25
user_438,2024-01-02
user_438,2023-12-29
user_439,2024-02-23
user_439,2024-02-22
user_440,2024-02-23
user_440,2024-02-20
user_441,2024-02-23
user_441,2024-01-15
user_442,2024-01-24
user_442,2024-01-21
user_443,2024-02-15
user_443,2024-02-14
user_444,2024-02-20
user_444,2024-02-10
user_445,2024-02-23
user_446,2024-02-23
user_446,2024-02-20
user_447,2024-02-23
user_447,2024-02-18
user_448,2024-02-23
user_448,2024-02-21
user_449,2024-02-23
user_449,2023-12-29
user_450,2024-02-23
user_450,2024-02-10
user_451,2024-02-23
user_451,2024-02-11
user_452,2024-02-18
user_452,2024-02-17
user_453,2024-02-23
user_453,2024-02-01
user_454,2024-02-05
user_454,2024-02-04
user_455,2024-01-28
user_455,2024-01-24
user_456,2024-02-18
user_456,2024-02-14
user_457,2024-02-20
user_457,2024-02-15
user_458,2024-02-23
user_458,2024-01-08
user_459,2024-02-23
user_459,2024-01-28
user_460,2024-01-03
user_460,2024-01-01
user_461,2024-02-17
user_461,2024-02-16
user_462,2024-02-11
user_462,2024-02-02
user_463,2024-01-19
user_463,2024-01-12
user_464,2024-02-23
user_464,2024-01-14
user_465,2024-02-23
user_465,2024-01-26
user_466,2024-02-19
user_466,2024-02-12
user_467,2024-02-14
user_467,2024-02-07
user_468,2023-12-27
user_468,2023-12-17
user_469,2023-12-27
user_469,2023-12-21
user_470,2024-02-19
user_470,2024-02-09
user_471,2024-01-16
user_471,2024-01-06
user_472,2024-02-23
user_472,2024-02-06
user_473,2024-02-23
user_474,2024-02-23
user_475,2024-02-17
user_475,2024-02-15
user_476,2024-02-23
user_477,2024-02-23
user_477,2023-12-29
user_478,2024-02-23
user_478,2024-01-08
user_479,2024-01-05
user_479,2023-12-31
user_480,2024-02-22
user_480,2024-02-14
user_481,2024-02-23
user_481,2024-02-20
user_482,2024-02-23
user_482,2024-02-05
user_483,2024-02-23
user_483,2024-01-12
user_484,2024-02-15
user_484,2024-02-14
user_485,2024-02-16
user_485,2024-02-11
user_486,2024-02-23
user_486,2024-02-19
user_487,2024-02-23
user_487,2024-02-04
user_488,2024-01-11
user_488,2024-01-10
user_489,2024-02-23
user_489,2024-02-20
user_490,2024-01-18
user_490,2024-01-15
user_491,2024-02-16
user_491,2024-02-10
user_492,2024-01-06
user_492,2023-12-27
user_493,2023-12-28
user_493,2023-12-19
user_494,2024-02-23
user_494,2024-01-30
user_495,2024-02-17
user_495,2024-02-11
user_496,2024-02-23
user_496,2024-01-26
user_497,2024-02-23
user_497,2024-02-12
user_498,2024-02-22
user_498,2024-02-20
user_499,2023-12-31
user_499,2023-12-23
user_500,2024-01-02
user_500,2023-12-28
user_501,2024-02-19
user_501,2024-02-15
user_502,2024-02-23
user_502,2024-01-07
user_503,2024-01-13
user_503,2024-01-07
user_504,2024-02-03
user_504,2024-01-29
user_505,2024-02-23
user_505,2024-02-05
user_506,2024-01-30
user_506,2024-01-29
user_507,2024-02-23
user_507,2024-02-20
user_508,2024-02-23
user_508,2024-02-07
user_509,2024-02-23
user_510,2024-01-11
user_510,2024-01-02
user_511,2024-02-17
user_511,2024-02-11
user_512,2024-02-21
user_512,2024-02-20
user_513,2024-02-23
user_514,2024-01-02
user_514,2023-12-29
user_515,2024-02-20
user_515,2024-02-10
user_516,2024-02-20
user_516,2024-02-11
user_517,2024-02-12
user_517,2024-02-06
user_518,2024-02-18
user_518,2024-02-13
user_519,2024-02-23
user_519,2024-01-02
user_520,2024-02-19
user_520,2024-02-10
user_521,2023-12-26
user_521,2023-12-16
user_522,2024-01-31
user_522,2024-01-28
user_523,2024-02-23
user_523,2024-02-19
user_524,2024-02-23
user_524,2024-02-21
user_525,2024-02-23
user_525,2024-01-29
user_526,2024-02-23
user_526,2024-01-07
user_527,2023-12-30
user_527,2023-12-24
user_528,2024-02-23
user_528,2024-02-21
user_529,2024-02-23
user_530,2024-02-01
user_530,2024-01-27
user_531,2024-01-01
user_531,2023-12-29
user_532,2024-02-09
user_532,2024-01-30
user_533,2024-02-23
user_533,2024-01-13
user_534,2023-12-27
user_534,2023-12-24
user_535,2024-01-03
user_535,2023-12-30
user_536,2024-02-23
user_536,2023-12-26
user_537,2024-01-04
user_537,2023-12-30
user_538,2024-02-23
user_538,2024-01-28
user_539,2024-02-23
user_539,2023-12-31
user_540,2024-02-18
user_540,2024-02-16
user_541,2024-02-23
user_541,2024-02-19
user_542,2024-02-17
user_542,2024-02-13
user_543,2024-02-20
user_543,2024-02-18
user_544,2024-02-23
user_544,2024-02-15
user_545,2024-02-23
user_545,2024-02-19
user_546,2024-02-23
user_546,2024-02-22
user_547,2024-02-23
user_548,2024-02-18
user_548,2024-02-09
user_549,2024-02-23
user_549,2024-01-09
user_550,2023-12-28
user_550,2023-12-23
user_551,2024-02-23
user_551,2024-01-02
user_552,2024-02-23
user_553,2024-02-23
user_553,2024-02-22
user_554,2024-02-23
user_554,2024-02-22
user_555,2024-02-20
user_555,2024-02-17
user_556,2024-02-23
user_556,2024-02-17
user_557,2024-02-23
user_558,2024-02-23
user_559,2024-01-26
user_559,2024-01-22
user_560,2024-01-04
user_560,2023-12-30
user_561,2024-02-23
user_561,2024-02-01
user_562,2024-02-23
user_562,2024-01-02
user_563,2024-02-23
user_563,2024-02-20
user_564,2024-01-24
user_564,2024-01-22
user_565,2024-02-23
user_565,2024-02-22
user_566,2024-01-19
user_566,2024-01-10
user_567,2024-02-06
user_567,2024-02-05
user_568,2024-02-23
user_568,2024-02-13
user_569,2024-01-09
user_569,2024-01-06
user_570,2024-01-17
user_570,2024-01-11
user_571,2024-02-23
user_571,2024-02-22
user_572,2024-02-23
user_573,2024-02-23
user_574,2024-01-12
user_574,2024-01-08
user_575,2024-01-27
user_575,2024-01-23
user_576,2024-02-19
user_576,2024-02-11
user_577,2024-01-28
user_577,2024-01-20
user_578,2024-02-23
user_578,2024-01-15
user_579,2024-02-23
user_580,2024-02-23
user_581,2024-02-23
user_582,2024-02-23
user_582,2024-02-17
user_583,2024-02-23
user_583,2024-01-19
user_584,2024-02-23
user_585,2024-02-23
user_585,2024-01-17
user_586,2024-02-23
user_586,2024-01-02
user_587,2024-02-23
user_587,2024-02-09
user_588,2024-02-23
user_588,2024-02-17
user_589,2024-02-23
user_589,2024-02-12
user_590,2023-12-25
user_590,2023-12-18
user_591,2024-02-21
user_591,2024-02-18
user_592,2024-02-23
user_592,2023-12-28
user_593,2024-02-23
user_593,2024-01-04
user_594,2024-02-23
user_594,2024-01-22
user_595,2024-02-23
user_595,2024-02-04
user_596,2024-02-23
user_596,2024-02-20
user_597,2024-02-23
user_598,2024-02-23
user_599,2024-02-23
user_600,2024-02-23
user_600,2023-12-25
user_601,2024-02-18
user_601,2024-02-15
user_602,2024-02-22
user_602,2024-02-15
user_603,2023-12-28
user_603,2023-12-18
user_604,2024-02-18
user_604,2024-02-16
user_605,2024-02-23
user_605,2024-01-23
user_606,2024-01-25
user_606,2024-01-19
user_607,2024-02-23
user_608,2024-02-23
user_608,2024-01-19
user_609,2024-01-27
user_609,2024-01-17
user_610,2024-02-23
user_610,2024-01-12
user_611,2024-02-22
user_611,2024-02-17
user_612,2024-02-23
user_612,2024-02-02
user_613,2024-02-20
user_613,2024-02-17
user_614,2023-12-27
user_614,2023-12-25
user_615,2024-02-23
user_615,2024-01-04
user_616,2024-02-19
user_616,2024-02-18
user_617,2024-02-21
user_617,2024-02-18
user_618,2024-02-23
user_618,2024-02-18
user_619,2024-02-15
user_619,2024-02-11
user_620,2024-02-23
user_620,2024-01-28
user_621,2024-02-23
user_621,2024-02-12
user_622,2024-02-21
user_622,2024-02-16
user_623,2024-02-23
user_624,2024-02-23
user_624,2024-02-21
user_625,2024-02-23
user_625,2024-01-13
user_626,2023-12-28
user_626,2023-12-19
user_627,2024-02-23
user_628,2024-02-23
user_628,2024-02-18
user_629,2024-02-23
user_629,2024-01-07
user_630,2024-02-23
user_631,2024-02-23
user_631,2024-02-18
user_632,2023-12-31
user_632,2023-12-21
user_633,2024-01-04
user_633,2023-12-25
user_634,2024-02-23
user_634,2024-02-22
user_635,2024-02-18
user_635,2024-02-17
user_636,2024-02-23
user_636,2024-02-22
user_637,2024-02-20
user_637,2024-02-12
user_638,2024-02-18
user_638,2024-02-17
user_639,2024-02-23
user_640,2024-02-23
user_640,2024-01-22
user_641,2024-02-20
user_641,2024-02-10
user_642,2024-02-23
user_642,2024-02-14
user_643,2024-01-10
user_643,2024-01-02
user_644,2024-02-23
user_644,2024-02-13
user_645,2024-02-23
user_646,2024-02-23
user_646,2024-01-26
user_647,2024-02-23
user_647,2024-02-20
user_648,2024-02-23
user_649,2024-02-01
user_649,2024-01-24
user_650,2024-01-07
user_650,2023-12-28
user_651,2024-02-23
user_652,2024-02-23
user_652,2024-02-05
user_653,2024-02-23
user_653,2024-02-20
user_654,2024-02-23
user_654,2024-02-19
user_655,2024-01-02
user_655,2023-12-25
user_656,2023-12-25
user_656,2023-12-23
user_657,2024-02-23
user_657,2024-01-10
user_658,2024-02-23
user_658,2023-12-26
user_659,2024-01-12
user_659,2024-01-02
user_660,2024-02-23
user_661,2024-02-23
user_662,2024-01-17
user_662,2024-01-11
user_663,2024-02-23
user_663,2024-02-02
user_664,2024-02-12
user_664,2024-02-02
user_665,2024-01-16
user_665,2024-01-15
user_666,2024-02-23
user_666,2024-02-20
user_667,2024-02-16
user_667,2024-02-14
user_668,2024-02-23
user_668,2024-02-20
user_669,2024-02-23
user_669,2024-01-27
user_670,2024-02-23
user_670,2024-02-22
user_671,2024-02-23
user_672,2024-02-23
user_672,2024-02-19
user_673,2024-02-23
user_673,2024-02-14
user_674,2024-02-23
user_674,2024-02-05
user_675,2024-02-23
user_676,2024-02-23
user_677,2024-02-23
user_677,2024-02-07
user_678,2023-12-29
user_678,2023-12-22
user_679,2024-02-23
user_680,2024-02-23
user_681,2024-01-27
user_681,2024-01-21
user_682,2024-02-23
user_682,2024-02-03
user_683,2024-02-23
user_683,2024-02-22
user_684,2024-01-06
user_684,2024-01-04
user_685,2024-02-16
user_685,2024-02-13
user_686,2024-01-01
user_686,2023-12-23
user_687,2024-02-23
user_687,2023-12-28
user_688,2024-01-21
user_688,2024-01-16
user_689,2024-02-23
user_689,2024-02-19
user_690,2024-02-23
user_690,2023-12-31
user_691,2024-02-23
user_692,2024-02-23
user_692,2024-01-24
user_693,2024-01-27
user_693,2024-01-17
user_694,2024-02-23
user_695,2024-02-23
user_695,2024-01-30
user_696,2023-12-25
user_696,2023-12-19
user_697,2024-02-23
user_698,2024-02-05
user_698,2024-02-04
user_699,2024-02-23
user_699,2024-01-12
user_700,2024-02-23
user_700,2024-02-03
user_701,2024-02-23
user_701,2024-01-18
user_702,2024-01-29
user_702,2024-01-22
user_703,2024-02-23
user_703,2024-02-09
user_704,2024-02-23
user_704,2024-02-17
user_705,2024-02-23
user_705,2024-02-17
user_706,2024-02-23
user_706,2024-02-21
user_707,2024-02-23
user_707,2024-02-20
user_708,2024-02-23
user_708,2024-01-07
user_709,2024-02-23
user_710,2024-02-16
user_710,2024-02-07
user_711,2024-02-23
user_711,2024-02-22
user_712,2024-02-23
user_713,2024-02-23
user_713,2024-02-22
user_714,2024-02-23
user_714,2024-02-01
user_715,2024-02-23
user_715,2024-01-11
user_716,2024-02-23
user_716,2024-01-20
user_717,2024-02-23
user_717,2024-02-01
user_718,2024-02-22
user_718,2024-02-21
user_719,2024-02-23
user_719,2024-01-28
user_720,2024-02-16
user_720,2024-02-11
user_721,2024-02-21
user_721,2024-02-15
user_722,2024-02-23
user_723,2024-02-12
user_723,2024-02-02
user_724,2024-02-23
user_724,2024-01-22
user_725,2024-02-23
user_725,2024-02-21
user_726,2024-02-23
user_727,2024-02-18
user_727,2024-02-08
user_728,2024-02-23
user_728,2024-02-15
user_729,2024-02-23
user_729,2024-02-17
user_730,2024-02-23
user_730,2024-02-18
user_731,2024-02-23
user_732,2024-02-17
user_732,2024-02-09
user_733,2024-02-23
user_733,2024-02-20
user_734,2024-02-23
user_734,2024-02-08
user_735,2024-01-21
user_735,2024-01-13
user_736,2024-02-23
user_736,2024-01-08
user_737,2024-02-23
user_737,2024-01-10
user_738,2024-02-20
user_738,2024-02-11
user_739,2024-02-23
user_739,2024-01-15
user_740,2024-02-23
user_741,2024-02-23
user_742,2024-02-23
user_742,2024-01-06
user_743,2024-02-23
user_744,2024-02-04
user_744,2024-01-28
user_745,2024-02-23
user_745,2024-02-08
user_746,2024-02-23
user_746,2024-01-29
user_747,2024-02-23
user_747,2024-01-24
user_748,2024-02-23
user_748,2024-02-16
user_749,2024-02-23
user_749,2024-01-27
user_750,2024-02-23
user_750,2024-01-14
user_751,2024-02-23
user_751,2024-02-07
user_752,2024-02-23
user_752,2024-02-19
user_753,2024-01-05
user_753,2024-01-04
user_754,2024-02-23
user_755,2024-02-21
user_755,2024-02-18
user_756,2024-02-23
user_757,2024-02-23
user_757,2024-01-15
user_758,2024-02-22
user_758,2024-02-12
user_759,2024-02-23
user_759,2024-02-21
user_760,2024-02-23
user_760,2024-02-08
user_761,2024-02-23
user_762,2024-02-23
user_762,2024-02-11
user_763,2024-02-21
user_763,2024-02-17
user_764,2024-02-22
user_764,2024-02-12
user_765,2024-02-23
user_765,2024-02-07
user_766,2024-02-10
user_766,2024-02-06
user_767,2024-02-23
user_767,2024-02-22
user_768,2024-02-23
user_768,2024-02-19
user_769,2024-02-16
user_769,2024-02-14
user_770,2024-02-23
user_771,2024-02-23
user_771,2024-01-30
user_772,2024-02-23
user_773,2024-02-22
user_773,2024-02-15
user_774,2024-02-23
user_775,2024-02-12
user_775,2024-02-03
user_776,2024-02-20
user_776,2024-02-15
user_777,2024-02-23
user_777,2024-01-04
user_778,2024-02-19
user_778,2024-02-14
user_779,2024-02-20
user_779,2024-02-17
user_780,2024-02-23
user_780,2024-02-19
user_781,2024-02-23
user_782,2024-02-23
user_783,2024-02-23
user_783,2024-02-06
user_784,2024-02-23
user_784,2024-01-28
user_785,2024-02-23
user_785,2024-01-25
user_786,2024-02-23
user_786,2024-01-26
user_787,2024-02-23
user_787,2024-02-08
user_788,2024-02-16
user_788,2024-02-07
user_789,2024-01-08
user_789,2024-01-02
user_790,2024-02-17
user_790,2024-02-08
user_791,2024-02-18
user_791,2024-02-09
user_792,2024-02-02
user_792,2024-01-23
user_793,2024-02-07
user_793,2024-01-29
user_794,2024-02-23
user_794,2024-01-05
user_795,2024-02-10
user_795,2024-02-01
user_796,2024-02-23
user_796,2024-02-21
user_797,2024-02-23
user_797,2024-02-19
user_798,2024-02-23
user_798,2024-01-30
user_799,2024-02-21
user_799,2024-02-20
user_800,2024-02-23
user_800,2024-01-02
user_801,2024-02-23
user_801,2023-12-28
user_802,2024-01-25
user_802,2024-01-17
user_803,2024-02-06
user_803,2024-01-31
user_804,2024-02-23
user_804,2024-02-12
user_805,2024-02-23
user_806,2024-01-21
user_806,2024-01-20
user_807,2024-02-20
user_807,2024-02-16
user_808,2024-02-23
user_809,2024-01-25
user_809,2024-01-18
user_810,2024-02-23
user_811,2024-01-12
user_811,2024-01-10
user_812,2024-02-23
user_812,2024-02-08
user_813,2024-02-09
user_813,2024-02-04
user_814,2024-02-23
user_814,2024-01-20
user_815,2024-01-18
user_815,2024-01-16
user_816,2024-01-13
user_816,2024-01-12
user_817,2024-02-23
user_817,2024-02-17
user_818,2024-02-23
user_818,2024-01-22
user_819,2024-02-23
user_819,2024-02-17
user_820,2024-01-30
user_820,2024-01-28
user_821,2024-02-23
user_821,2024-02-18
user_822,2024-02-23
user_822,2024-02-19
user_823,2024-02-23
user_823,2024-02-10
user_824,2024-01-25
user_824,2024-01-18
user_825,2024-01-30
user_825,2024-01-26
user_826,2024-02-23
user_826,2024-01-16
user_827,2024-02-23
user_828,2024-02-23
user_828,2024-01-21
user_829,2023-12-25
user_829,2023-12-23
user_830,2024-02-23
user_830,2024-02-19
user_831,2024-02-23
user_831,2024-02-07
user_832,2024-02-23
user_832,2024-02-21
user_833,2024-02-23
user_833,2024-02-18
user_834,2024-02-18
user_834,2024-02-15
user_835,2024-02-23
user_835,2024-01-20
user_836,2024-02-23
user_836,2024-01-25
user_837,2024-01-01
user_837,2023-12-24
user_838,2024-02-08
user_838,2024-02-06
user_839,2024-02-18
user_839,2024-02-08
user_840,2024-02-23
user_840,2024-02-16
user_841,2024-01-12
user_841,2024-01-03
user_842,2024-02-23
user_842,2024-01-21
user_843,2024-02-23
user_843,2024-02-20
user_844,2024-01-24
user_844,2024-01-16
user_845,2024-01-29
user_845,2024-01-25
user_846,2024-02-16
user_846,2024-02-08
user_847,2024-02-23
user_847,2024-02-08
user_848,2024-02-23
user_848,2024-02-10
user_849,2024-02-23
user_849,2024-02-17
user_850,2024-02-23
user_851,2024-02-23
user_852,2024-02-23
user_852,2024-02-06
user_853,2024-02-23
user_854,2024-02-01
user_854,2024-01-29
user_855,2024-02-23
user_856,2024-02-23
user_856,2024-02-19
user_857,2024-02-23
user_857,2024-02-13
user_858,2024-02-23
user_858,2023-12-29
user_859,2024-02-23
user_859,2024-02-20
user_860,2024-02-23
user_861,2024-02-23
user_862,2024-02-23
user_862,2024-02-13
user_863,2024-02-13
user_863,2024-02-05
user_864,2024-02-17
user_864,2024-02-14
user_865,2024-02-23
user_866,2024-02-21
user_866,2024-02-16
user_867,2024-01-04
user_867,2023-12-27
user_868,2024-01-12
user_868,2024-01-09
user_869,2024-02-23
user_870,2024-02-23
user_870,2024-01-23
user_871,2024-02-23
user_872,2024-01-13
user_872,2024-01-08
user_873,2024-02-23
user_873,2024-02-20
user_874,2024-02-23
user_875,2024-02-23
user_875,2024-02-19
user_876,2024-02-12
user_876,2024-02-04
user_877,2024-02-23
user_877,2024-01-24
user_878,2024-02-19
user_878,2024-02-11
user_879,2024-02-03
user_879,2024-01-30
user_880,2024-02-15
user_880,2024-02-13
user_881,2024-02-23
user_882,2024-02-10
user_882,2024-02-09
user_883,2024-02-23
user_883,2024-02-22
user_884,2024-02-23
user_884,2024-01-20
user_885,2024-01-12
user_885,2024-01-03
user_886,2024-02-23
user_886,2024-02-17
user_887,2024-02-20
user_887,2024-02-18
user_888,2024-02-16
user_888,2024-02-10
user_889,2024-01-26
user_889,2024-01-25
user_890,2024-01-21
user_890,2024-01-11
user_891,2024-02-16
user_891,2024-02-13
user_892,2024-02-19
user_892,2024-02-14
user_893,2024-02-23
user_894,2024-01-10
user_894,2024-01-03
user_895,2024-02-23
user_895,2024-01-11
user_896,2023-12-27
user_896,2023-12-23
user_897,2024-02-23
user_897,2024-02-20
user_898,2024-02-20
user_898,2024-02-14
user_899,2024-02-21
user_899,2024-02-17
user_900,2024-01-28
user_900,2024-01-24
user_901,2024-02-23
user_901,2024-01-31
user_902,2024-02-23
user_903,2024-02-23
user_903,2024-01-15
user_904,2024-02-23
user_904,2024-02-21
user_905,2024-02-22
user_905,2024-02-12
user_906,2024-02-23
user_906,2024-01-15
user_907,2024-02-06
user_907,2024-01-29
user_908,2024-02-23
user_908,2024-02-17
user_909,2024-02-01
user_909,2024-01-28
user_910,2024-02-23
user_911,2024-02-23
user_912,2024-02-23
user_913,2023-12-29
user_913,2023-12-19
user_914,2024-02-23
user_915,2024-02-23
user_915,2024-01-15
user_916,2024-02-23
user_916,2024-02-15
user_917,2024-02-18
user_917,2024-02-10
user_918,2024-02-04
user_918,2024-02-02
user_919,2024-01-29
user_919,2024-01-22
user_920,2024-02-23
user_920,2024-02-18
user_921,2024-01-04
user_921,2023-12-25
user_922,2024-02-23
user_922,2024-01-21
user_923,2024-02-23
user_924,2024-02-23
user_924,2024-02-11
user_925,2024-02-18
user_925,2024-02-10
user_926,2024-02-23
user_926,2024-01-03
user_927,2024-02-23
user_927,2024-01-24
user_928,2024-01-29
user_928,2024-01-24
user_929,2024-02-23
user_929,2024-02-19
user_930,2024-02-23
user_930,2024-02-03
user_931,2024-02-11
user_931,2024-02-09
user_932,2024-02-01
user_932,2024-01-29
user_933,2024-02-11
user_933,2024-02-04
user_934,2024-01-03
user_934,2023-12-28
user_935,2024-02-23
user_936,2024-02-07
user_936,2024-02-03
user_937,2024-02-10
user_937,2024-02-04
user_938,2024-02-23
user_938,2024-01-30
user_939,2024-02-23
user_939,2024-01-17
user_940,2024-02-20
user_940,2024-02-17
user_941,2024-01-20
user_941,2024-01-10
user_942,2024-01-21
user_942,2024-01-12
user_943,2024-02-23
user_943,2024-01-01
user_944,2024-02-23
user_945,2024-02-23
user_945,2023-12-26
user_946,2024-02-23
user_946,2024-01-27
user_947,2024-02-23
user_947,2024-02-21
user_948,2024-02-05
user_948,2024-02-04
user_949,2024-01-19
user_949,2024-01-17
user_950,2024-02-23
user_950,2024-01-28
user_951,2024-02-02
user_951,2024-01-25
user_952,2024-02-16
user_952,2024-02-14
user_953,2024-02-10
user_953,2024-02-08
user_954,2024-02-23
user_955,2024-02-23
user_955,2024-01-25
user_956,2024-02-23
user_956,2024-02-01
user_957,2024-02-23
user_957,2024-01-21
user_958,2024-02-23
user_958,2023-12-27
user_959,2024-01-15
user_959,2024-01-10
user_960,2024-02-23
user_960,2024-02-21
user_961,2024-01-22
user_961,2024-01-12
user_962,2024-02-23
user_962,2024-02-10
user_963,2024-02-23
user_963,2024-01-12
user_964,2024-02-16
user_964,2024-02-14
user_965,2024-02-02
user_965,2024-02-01
user_966,2024-01-26
user_966,2024-01-24
user_967,2024-02-16
user_967,2024-02-11
user_968,2024-02-23
user_968,2024-01-02
user_969,2024-01-05
user_969,2024-01-04
user_970,2024-01-02
user_970,2024-01-01
user_971,2024-02-23
user_971,2024-02-19
user_972,2024-02-23
user_972,2024-02-11
user_973,2024-02-23
user_974,2024-01-05
user_974,2024-01-04
user_975,2024-02-08
user_975,2024-02-04
user_976,2024-02-19
user_976,2024-02-14
user_977,2024-02-22
user_977,2024-02-20
user_978,2024-02-14
user_978,2024-02-04
user_979,2024-02-23
user_979,2024-01-26
user_980,2024-01-15
user_980,2024-01-09
user_981,2024-02-23
user_982,2024-02-23
user_982,2024-01-07
user_983,2024-01-18
user_983,2024-01-12
user_984,2024-02-16
user_984,2024-02-06
user_985,2024-02-14
user_985,2024-02-09
user_986,2024-02-23
user_987,2024-01-28
user_987,2024-01-18
user_988,2024-02-23
user_988,2024-01-27
user_989,2024-02-23
user_989,2024-01-01
user_990,2024-01-25
user_990,2024-01-15
user_991,2024-02-23
user_991,2024-01-06
user_992,2024-02-23
user_992,2024-02-14
user_993,2024-02-23
user_993,2024-01-03
user_994,2024-02-23
user_995,2024-02-20
user_995,2024-02-11
user_996,2024-01-23
user_996,2024-01-19
user_997,2024-02-23
user_997,2024-02-07
user_998,2024-02-23
user_998,2024-02-17
user_999,2024-01-16
user_999,2024-01-10
user_1000,2024-01-23
user_1000,2024-01-22
user_1001,2024-02-23
user_1001,2024-01-24
user_1002,2024-02-23
user_1002,2024-02-17
user_1003,2024-02-18
user_1003,2024-02-13
user_1004,2024-02-23
user_1004,2024-02-22
user_1005,2024-02-23
user_1005,2024-01-21
user_1006,2024-02-10
user_1006,2024-02-07
user_1007,2024-02-23
user_1007,2023-12-29
user_1008,2024-02-23
user_1009,2024-02-22
user_1009,2024-02-15
user_1010,2024-01-08
user_1010,2023-12-29
user_1011,2024-02-23
user_1011,2024-02-17
user_1012,2024-02-18
user_1012,2024-02-15
user_1013,2024-02-23
user_1013,2024-01-06
user_1014,2024-02-23
user_1014,2024-01-26
user_1015,2024-02-23
user_1016,2024-02-23
user_1016,2024-01-07
user_1017,2024-02-23
user_1017,2024-02-18
user_1018,2024-02-23
user_1018,2024-02-14
user_1019,2024-02-15
user_1019,2024-02-13
user_1020,2024-02-23
user_1021,2024-02-23
user_1021,2024-02-17
user_1022,2024-02-23
user_1022,2024-01-10
user_1023,2024-02-20
user_1023,2024-02-14
user_1024,2024-02-12
user_1024,2024-02-10
user_1025,2024-02-23
user_1026,2024-01-31
user_1026,2024-01-29
user_1027,2024-02-23
user_1027,2024-01-03
user_1028,2023-12-25
user_1028,2023-12-15
user_1029,2024-02-16
user_1029,2024-02-14
user_1030,2024-01-09
user_1030,2024-01-03
user_1031,2024-01-29
user_1031,2024-01-26
user_1032,2024-02-19
user_1032,2024-02-14
user_1033,2024-02-16
user_1033,2024-02-07
user_1034,2024-02-23
user_1034,2024-01-12
user_1035,2024-02-19
user_1035,2024-02-09
user_1036,2024-02-01
user_1036,2024-01-24
user_1037,2024-02-23
user_1037,2023-12-28
user_1038,2024-02-23
user_1038,2023-12-27
user_1039,2024-02-22
user_1039,2024-02-15
user_1040,2024-02-23
user_1040,2024-01-11
user_1041,2024-02-20
user_1041,2024-02-19
user_1042,2024-02-23
user_1042,2024-02-22
user_1043,2024-02-19
user_1043,2024-02-17
user_1044,2024-02-23
user_1044,2024-02-21
user_1045,2024-01-19
user_1045,2024-01-18
user_1046,2024-02-23
user_1046,2024-02-19
user_1047,2024-01-03
user_1047,2023-12-24
user_1048,2024-02-23
user_1048,2023-12-28
user_1049,2024-01-21
user_1049,2024-01-18
user_1050,2024-02-03
user_1050,2024-01-26
user_1051,2024-02-14
user_1051,2024-02-06
user_1052,2024-02-23
user_1052,2024-01-29
user_1053,2024-02-07
user_1053,2024-01-28
user_1054,2024-02-23
user_1055,2024-02-17
user_1055,2024-02-07
user_1056,2024-02-23
user_1056,2024-01-04
user_1057,2024-02-23
user_1057,2024-01-30
user_1058,2024-02-23
user_1058,2024-01-18
user_1059,2024-02-23
user_1060,2024-02-11
user_1060,2024-02-05
user_1061,2024-02-23
user_1061,2024-01-27
user_1062,2024-01-13
user_1062,2024-01-12
user_1063,2024-01-26
user_1063,2024-01-16
user_1064,2024-02-23
user_1064,2024-02-20
user_1065,2024-01-11
user_1065,2024-01-09
user_1066,2024-02-06
user_1066,2024-01-31
user_1067,2024-02-17
user_1067,2024-02-14
user_1068,2024-01-18
user_1068,2024-01-14
user_1069,2024-02-16
user_1069,2024-02-10
user_1070,2024-02-23
user_1071,2024-02-23
user_1072,2024-02-23
user_1072,2024-02-22
user_1073,2024-02-23
user_1073,2024-02-19
user_1074,2023-12-29
user_1074,2023-12-24
user_1075,2024-01-13
user_1075,2024-01-11
user_1076,2024-02-12
user_1076,2024-02-05
user_1077,2024-02-10
user_1077,2024-01-31
user_1078,2024-01-21
user_1078,2024-01-20
user_1079,2024-02-23
user_1079,2024-02-20
user_1080,2024-02-23
user_1080,2024-02-20
user_1081,2024-02-21
user_1081,2024-02-13
user_1082,2023-12-27
user_1082,2023-12-26
user_1083,2024-02-23
user_1083,2024-01-05
user_1084,2024-02-18
user_1084,2024-02-12
user_1085,2024-02-02
user_1085,2024-01-27
user_1086,2024-02-23
user_1086,2023-12-31
user_1087,2024-01-19
user_1087,2024-01-12
user_1088,2024-02-23
user_1088,2024-01-23
user_1089,2024-02-23
user_1089,2024-02-18
user_1090,2024-02-23
user_1090,2024-01-31
user_1091,2023-12-25
user_1091,2023-12-18
user_1092,2024-02-23
user_1093,2024-02-20
user_1093,2024-02-19
user_1094,2024-02-19
user_1094,2024-02-13
user_1095,2024-02-23
user_1095,2023-12-25
user_1096,2024-02-23
user_1097,2024-02-23
user_1097,2024-02-08
user_1098,2023-12-28
user_1098,2023-12-19
user_1099,2024-02-20
user_1099,2024-02-13
user_1100,2024-02-23
user_1100,2024-01-13
user_1101,2024-01-02
user_1101,2023-12-23
user_1102,2024-02-04
user_1102,2024-01-31
user_1103,2024-02-23
user_1104,2024-01-16
user_1104,2024-01-07
user_1105,2024-02-23
user_1105,2024-02-05
user_1106,2024-01-27
user_1106,2024-01-19
user_1107,2024-02-22
user_1107,2024-02-12
user_1108,2024-02-23
user_1108,2024-01-02
user_1109,2024-02-15
user_1109,2024-02-05
user_1110,2024-02-23
user_1110,2024-02-18
user_1111,2024-02-23
user_1111,2024-02-19
user_1112,2024-01-28
user_1112,2024-01-18
user_1113,2024-02-17
user_1113,2024-02-16
user_1114,2023-12-25
user_1114,2023-12-20
user_1115,2024-02-23
user_1116,2024-01-15
user_1116,2024-01-14
user_1117,2024-01-09
user_1117,2024-01-05
user_1118,2024-02-23
user_1119,2024-02-11
user_1119,2024-02-04
user_1120,2024-02-23
user_1120,2024-02-18
user_1121,2024-02-23
user_1122,2024-02-23
user_1123,2024-02-16
user_1123,2024-02-14
user_1124,2024-02-23
user_1124,2024-01-18
user_1125,2024-02-23
user_1126,2024-02-05
user_1126,2024-02-01
user_1127,2024-02-03
user_1127,2024-01-25
user_1128,2024-01-27
user_1128,2024-01-21
user_1129,2024-01-22
user_1129,2024-01-18
user_1130,2024-01-19
user_1130,2024-01-12
user_1131,2024-02-23
user_1131,2024-02-14
user_1132,2024-01-22
user_1132,2024-01-15
user_1133,2024-01-14
user_1133,2024-01-10
user_1134,2024-01-20
user_1134,2024-01-11
user_1135,2024-01-24
user_1135,2024-01-14
user_1136,2024-01-28
user_1136,2024-01-24
user_1137,2024-02-18
user_1137,2024-02-12
user_1138,2024-01-21
user_1138,2024-01-11
user_1139,2024-02-23
user_1139,2024-01-22
user_1140,2024-02-22
user_1140,2024-02-14
user_1141,2024-02-23
user_1141,2024-02-21
user_1142,2024-02-23
user_1142,2024-02-17
user_1143,2024-02-23
user_1143,2024-02-22
user_1144,2024-02-23
user_1144,2023-12-26
user_1145,2024-02-23
user_1145,2024-02-22
user_1146,2024-02-15
user_1146,2024-02-05
user_1147,2024-02-23
user_1147,2024-02-15
user_1148,2024-02-05
user_1148,2024-02-03
user_1149,2024-01-31
user_1149,2024-01-22
user_1150,2024-02-23
user_1151,2024-02-23
user_1151,2024-01-18
user_1152,2024-02-23
user_1153,2024-02-14
user_1153,2024-02-08
user_1154,2024-02-23
user_1154,2024-01-18
user_1155,2024-02-23
user_1156,2024-02-05
user_1156,2024-02-04
user_1157,2024-02-21
user_1157,2024-02-16
user_1158,2024-02-23
user_1159,2024-02-23
user_1159,2024-02-06
user_1160,2024-02-23
user_1160,2024-02-18
user_1161,2024-02-23
user_1162,2024-02-23
user_1162,2024-01-26
user_1163,2024-02-23
user_1163,2024-02-08
user_1164,2024-02-23
user_1164,2024-01-26
user_1165,2024-02-16
user_1165,2024-02-13
user_1166,2024-02-23
user_1166,2024-01-13
user_1167,2024-02-23
user_1168,2024-02-19
user_1168,2024-02-12
user_1169,2024-02-23
user_1170,2024-02-23
user_1170,2024-01-06
user_1171,2024-02-23
user_1171,2024-02-18
user_1172,2024-02-23
user_1172,2024-02-20
user_1173,2024-02-23
user_1173,2024-01-23
user_1174,2024-02-23
user_1174,2024-01-28
user_1175,2024-01-25
user_1175,2024-01-15
user_1176,2024-02-23
user_1177,2024-02-23
user_1177,2024-01-29
user_1178,2024-02-01
user_1178,2024-01-24
user_1179,2024-01-08
user_1179,2023-12-31
user_1180,2024-02-23
user_1181,2024-02-23
user_1181,2024-02-13
user_1182,2024-02-23
user_1182,2024-02-21
user_1183,2024-02-23
user_1184,2024-02-23
user_1185,2024-02-23
user_1185,2024-02-07
user_1186,2024-02-23
user_1186,2024-02-18
user_1187,2024-02-18
user_1187,2024-02-10
user_1188,2023-12-29
user_1188,2023-12-23
user_1189,2024-01-27
user_1189,2024-01-20
user_1190,2024-02-18
user_1190,2024-02-10
user_1191,2024-01-13
user_1191,2024-01-08
user_1192,2024-02-23
user_1193,2024-02-20
user_1193,2024-02-13
user_1194,2024-02-23
user_1195,2024-01-02
user_1195,2023-12-24
user_1196,2024-02-23
user_1196,2024-02-19
user_1197,2024-02-23
user_1198,2024-02-23
user_1199,2024-02-20
user_1199,2024-02-12
user_1200,2024-02-23
user_1200,2024-02-16
user_1201,2024-02-23
user_1201,2024-02-20
user_1202,2024-01-19
user_1202,2024-01-15
user_1203,2024-02-23
user_1203,2024-02-21
user_1204,2024-02-23
user_1204,2023-12-28
user_1205,2024-02-23
user_1205,2024-02-21
user_1206,2024-02-23
user_1206,2024-01-28
user_1207,2024-02-23
user_1207,2024-01-11
user_1208,2024-02-23
user_1208,2024-02-20
user_1209,2024-02-23
user_1209,2024-02-18
user_1210,2024-02-23
user_1210,2024-01-06
user_1211,2024-02-23
user_1212,2024-02-23
user_1212,2024-02-14
user_1213,2024-02-23
user_1213,2024-02-10
user_1214,2024-01-08
user_1214,2024-01-04
user_1215,2024-02-23
user_1215,2024-02-21
user_1216,2024-02-23
user_1217,2024-02-23
user_1217,2024-02-17
user_1218,2024-02-23
user_1218,2024-01-18
user_1219,2024-02-18
user_1219,2024-02-11
user_1220,2024-01-22
user_1220,2024-01-13
user_1221,2024-01-29
user_1221,2024-01-20
user_1222,2024-02-17
user_1222,2024-02-13
user_1223,2024-02-23
user_1223,2024-01-09
user_1224,2024-01-18
user_1224,2024-01-11
user_1225,2024-02-23
user_1226,2023-12-26
user_1226,2023-12-18
user_1227,2024-02-23
user_1227,2024-01-04
user_1228,2024-02-23
user_1228,2024-01-20
user_1229,2024-02-23
user_1230,2024-02-23
user_1231,2024-02-23
user_1231,2024-02-22
user_1232,2024-02-23
user_1232,2024-02-20
user_1233,2024-02-20
user_1233,2024-02-19
user_1234,2024-02-23
user_1234,2024-02-21
user_1235,2024-02-23
user_1235,2024-02-07
user_1236,2024-02-21
user_1236,2024-02-11
user_1237,2024-01-01
user_1237,2023-12-27
user_1238,2024-02-23
user_1238,2024-02-22
user_1239,2024-02-23
user_1239,2024-01-31
user_1240,2024-02-12
user_1240,2024-02-06
user_1241,2024-02-23
user_1241,2024-02-19
user_1242,2024-01-30
user_1242,2024-01-28
user_1243,2024-01-01
user_1243,2023-12-29
user_1244,2024-02-23
user_1244,2024-01-24
user_1245,2024-02-23
user_1246,2024-01-05
user_1246,2023-12-31
user_1247,2024-01-15
user_1247,2024-01-11
user_1248,2024-02-23
user_1248,2024-02-22
user_1249,2024-01-19
user_1249,2024-01-15
user_1250,2024-01-04
user_1250,2023-12-31
user_1251,2024-02-10
user_1251,2024-02-09
user_1252,2023-12-29
user_1252,2023-12-25
user_1253,2024-02-23
user_1253,2024-02-17
user_1254,2024-02-20
user_1254,2024-02-12
user_1255,2024-02-23
user_1255,2024-02-19
user_1256,2024-02-23
user_1256,2024-02-20
user_1257,2024-02-23
user_1257,2024-02-21
user_1258,2024-02-23
user_1258,2024-01-04
user_1259,2024-02-23
user_1259,2024-02-20
user_1260,2024-01-27
user_1260,2024-01-26
user_1261,2024-02-23
user_1262,2024-02-16
user_1262,2024-02-06
user_1263,2024-02-23
user_1263,2024-02-21
user_1264,2024-02-14
user_1264,2024-02-13
user_1265,2024-02-23
user_1265,2024-01-12
user_1266,2024-02-23
user_1267,2024-02-23
user_1267,2024-01-26
user_1268,2024-02-23
user_1269,2024-02-23
user_1269,2024-02-02
user_1270,2024-02-23
user_1271,2024-01-28
user_1271,2024-01-21
user_1272,2024-02-23
user_1272,2024-02-18
user_1273,2024-02-17
user_1273,2024-02-14
user_1274,2024-02-23
user_1274,2024-02-16
user_1275,2024-02-23
user_1275,2024-02-06
user_1276,2024-01-02
user_1276,2023-12-26
user_1277,2024-01-19
user_1277,2024-01-15
user_1278,2024-01-30
user_1278,2024-01-23
user_1279,2024-01-22
user_1279,2024-01-19
user_1280,2024-02-23
user_1280,2024-02-02
user_1281,2024-01-29
user_1281,2024-01-28
user_1282,2024-02-23
user_1282,2024-02-13
user_1283,2024-01-02
user_1283,2023-12-24
user_1284,2024-02-23
user_1284,2024-02-10
user_1285,2024-02-06
user_1285,2024-01-29
user_1286,2024-01-13
user_1286,2024-01-03
user_1287,2024-02-20
user_1287,2024-02-10
user_1288,2024-02-16
user_1288,2024-02-07
user_1289,2024-01-13
user_1289,2024-01-09
user_1290,2024-01-04
user_1290,2023-12-26
user_1291,2024-02-23
user_1292,2024-02-23
user_1292,2024-02-04
user_1293,2024-02-23
user_1293,2024-01-29
user_1294,2024-02-23
user_1294,2024-02-05
user_1295,2024-02-23
user_1296,2024-02-23
user_1296,2024-02-20
user_1297,2024-02-23
user_1297,2024-01-29
user_1298,2024-02-23
user_1299,2024-02-17
user_1299,2024-02-11
user_1300,2024-02-23
user_1301,2024-02-23
user_1301,2024-02-02
user_1302,2024-02-23
user_1302,2024-02-21
user_1303,2024-02-23
user_1303,2024-02-08
user_1304,2024-02-23
user_1304,2024-01-11
user_1305,2024-02-23
user_1305,2024-01-29
user_1306,2024-02-23
user_1306,2024-01-30
user_1307,2024-02-23
user_1307,2024-02-21
user_1308,2024-02-22
user_1308,2024-02-12
user_1309,2024-02-23
user_1309,2024-02-04
user_1310,2024-02-23
user_1310,2024-01-08
user_1311,2024-02-20
user_1311,2024-02-16
user_1312,2024-02-18
user_1312,2024-02-14
user_1313,2024-02-23
user_1313,2024-02-19
user_1314,2024-01-15
user_1314,2024-01-12
user_1315,2024-02-23
user_1315,2024-01-27
user_1316,2024-02-14
user_1316,2024-02-11
user_1317,2024-01-17
user_1317,2024-01-12
user_1318,2023-12-25
user_1318,2023-12-20
user_1319,2024-02-23
user_1319,2024-02-19
user_1320,2024-02-23
user_1320,2024-02-17
user_1321,2024-01-17
user_1321,2024-01-13
user_1322,2024-01-04
user_1322,2024-01-03
user_1323,2024-02-01
user_1323,2024-01-28
user_1324,2024-02-23
user_1324,2023-12-25
user_1325,2024-01-30
user_1325,2024-01-24
user_1326,2023-12-31
user_1326,2023-12-24
user_1327,2023-12-27
user_1327,2023-12-26
user_1328,2024-02-16
user_1328,2024-02-07
user_1329,2024-02-18
user_1329,2024-02-15
user_1330,2023-12-27
user_1330,2023-12-19
user_1331,2024-02-02
user_1331,2024-01-26
user_1332,2024-02-23
user_1332,2024-02-14
user_1333,2024-02-04
user_1333,2024-01-28
user_1334,2024-02-23
user_1334,2024-01-09
user_1335,2024-02-08
user_1335,2024-02-03
user_1336,2024-02-20
user_1336,2024-02-15
user_1337,2024-02-23
user_1337,2024-01-08
user_1338,2024-02-23
user_1338,2024-02-22
user_1339,2024-01-23
user_1339,2024-01-21
user_1340,2024-02-23
user_1340,2024-01-02
user_1341,2024-01-26
user_1341,2024-01-21
user_1342,2024-02-23
user_1342,2024-02-20
user_1343,2024-02-23
user_1343,2024-02-20
user_1344,2024-02-23
user_1344,2024-02-19
user_1345,2024-02-23
user_1346,2023-12-30
user_1346,2023-12-24
user_1347,2024-02-23
user_1348,2024-02-10
user_1348,2024-02-04
user_1349,2024-02-23
user_1349,2024-02-21
user_1350,2024-01-11
user_1350,2024-01-08
user_1351,2024-01-27
user_1351,2024-01-26
user_1352,2024-02-23
user_1352,2023-12-31
user_1353,2024-01-13
user_1353,2024-01-11
user_1354,2024-01-27
user_1354,2024-01-21
user_1355,2024-02-23
user_1355,2024-02-18
user_1356,2024-02-18
user_1356,2024-02-17
user_1357,2024-02-23
user_1357,2024-01-12
user_1358,2024-02-23
user_1359,2024-02-15
user_1359,2024-02-07
user_1360,2024-02-23
user_1361,2024-01-23
user_1361,2024-01-19
user_1362,2024-02-23
user_1362,2024-01-25
user_1363,2024-02-03
user_1363,2024-01-31
user_1364,2024-02-23
user_1364,2023-12-27
user_1365,2024-02-23
user_1365,2024-02-18
user_1366,2024-01-17
user_1366,2024-01-15
user_1367,2024-01-02
user_1367,2023-12-26
user_1368,2024-02-23
user_1368,2024-02-18
user_1369,2024-01-02
user_1369,2023-12-31
user_1370,2023-12-27
user_1370,2023-12-20
user_1371,2024-02-23
user_1371,2024-02-17
user_1372,2024-02-23
user_1372,2024-01-20
user_1373,2024-02-23
user_1373,2023-12-31
user_1374,2024-02-23
user_1374,2024-02-20
user_1375,2024-02-23
user_1376,2023-12-28
user_1376,2023-12-19
user_1377,2024-02-23
user_1378,2024-02-23
user_1379,2024-02-23
user_1380,2024-02-18
user_1380,2024-02-12
user_1381,2024-02-23
user_1381,2024-02-10
user_1382,2024-02-01
user_1382,2024-01-23
user_1383,2024-02-17
user_1383,2024-02-11
user_1384,2024-02-23
user_1384,2024-02-05
user_1385,2024-02-23
user_1385,2024-01-26
user_1386,2024-02-23
user_1386,2024-02-22
user_1387,2024-02-16
user_1387,2024-02-10
user_1388,2024-02-10
user_1388,2024-02-07
user_1389,2024-02-23
user_1390,2024-02-23
user_1390,2024-01-30
user_1391,2024-02-23
user_1392,2024-02-23
user_1392,2024-02-18
user_1393,2024-02-23
user_1394,2024-01-19
user_1394,2024-01-10
user_1395,2024-02-23
user_1395,2024-01-16
user_1396,2024-02-23
user_1396,2024-02-14
user_1397,2024-02-23
user_1397,2024-01-31
user_1398,2024-02-23
user_1398,2024-02-05
user_1399,2024-02-23
user_1400,2024-02-23
user_1400,2024-02-04
user_1401,2024-02-23
user_1401,2024-02-19
user_1402,2024-02-22
user_1402,2024-02-16
user_1403,2024-01-25
user_1403,2024-01-21
user_1404,2024-02-23
user_1405,2024-02-23
user_1405,2024-01-30
user_1406,2024-01-19
user_1406,2024-01-10
user_1407,2024-02-23
user_1407,2023-12-27
user_1408,2023-12-30
user_1408,2023-12-25
user_1409,2024-02-23
user_1409,2024-02-19
user_1410,2024-02-23
user_1411,2024-01-09
user_1411,2024-01-01
user_1412,2024-02-23
user_1412,2024-02-17
user_1413,2024-02-09
user_1413,2024-02-04
user_1414,2024-02-16
user_1414,2024-02-10
user_1415,2024-02-23
user_1415,2024-01-17
user_1416,2024-02-23
user_1416,2024-02-20
user_1417,2024-02-23
user_1417,2024-01-21
user_1418,2024-02-23
user_1419,2024-01-10
user_1419,2024-01-02
user_1420,2024-02-23
user_1421,2024-02-23
user_1422,2024-02-23
user_1422,2024-01-14
user_1423,2024-02-23
user_1423,2024-01-29
user_1424,2024-02-17
user_1424,2024-02-13
user_1425,2024-01-13
user_1425,2024-01-04
user_1426,2024-02-23
user_1427,2024-01-30
user_1427,2024-01-21
user_1428,2024-02-23
user_1428,2023-12-30
user_1429,2024-01-14
user_1429,2024-01-05
user_1430,2024-02-22
user_1430,2024-02-12
user_1431,2024-02-23
user_1431,2024-02-20
user_1432,2024-02-23
user_1433,2024-02-23
user_1433,2024-01-05
user_1434,2024-02-01
user_1434,2024-01-26
user_1435,2024-02-23
user_1436,2024-02-16
user_1436,2024-02-14
user_1437,2024-02-03
user_1437,2024-01-24
user_1438,2024-02-23
user_1438,2023-12-25
user_1439,2024-02-23
user_1439,2024-02-01
user_1440,2024-02-23
user_1440,2024-02-07
user_1441,2024-02-16
user_1441,2024-02-15
user_1442,2024-02-23
user_1443,2024-01-16
user_1443,2024-01-08
user_1444,2024-01-17
user_1444,2024-01-07
user_1445,2024-02-23
user_1445,2024-02-19
user_1446,2024-02-23
user_1446,2024-02-20
user_1447,2024-01-21
user_1447,2024-01-12
user_1448,2024-01-27
user_1448,2024-01-24
user_1449,2023-12-28
user_1449,2023-12-25
user_1450,2024-02-14
user_1450,2024-02-07
user_1451,2024-02-23
user_1452,2024-02-23
user_1452,2024-02-17
user_1453,2024-02-23
user_1453,2024-01-15
user_1454,2024-02-23
user_1454,2024-01-08
user_1455,2024-02-23
user_1456,2024-02-23
user_1457,2024-01-29
user_1457,2024-01-27
user_1458,2024-02-23
user_1458,2024-01-01
user_1459,2024-01-16
user_1459,2024-01-08
user_1460,2024-02-23
user_1461,2024-01-08
user_1461,2024-01-03
user_1462,2024-02-23
user_1462,2024-02-18
user_1463,2024-02-14
user_1463,2024-02-12
user_1464,2024-02-23
user_1464,2024-01-29
user_1465,2024-02-12
user_1465,2024-02-10
user_1466,2024-02-23
user_1466,2024-02-18
user_1467,2024-02-23
user_1467,2024-02-04
user_1468,2024-01-11
user_1468,2024-01-07
user_1469,2024-02-19
user_1469,2024-02-16
user_1470,2024-01-05
user_1470,2024-01-04
user_1471,2024-02-23
user_1471,2024-01-07
user_1472,2024-02-23
user_1473,2024-02-23
user_1473,2024-01-23
user_1474,2024-02-23
user_1474,2024-02-21
user_1475,2024-02-23
user_1475,2024-01-05
user_1476,2024-02-23
user_1476,2024-02-20
user_1477,2024-01-04
user_1477,2023-12-29
user_1478,2024-02-19
user_1478,2024-02-10
user_1479,2024-01-31
user_1479,2024-01-30
user_1480,2024-02-13
user_1480,2024-02-07
user_1481,2024-02-23
user_1482,2024-02-23
user_1482,2024-01-24
user_1483,2024-02-12
user_1483,2024-02-06
user_1484,2024-01-09
user_1484,2024-01-07
user_1485,2024-01-12
user_1485,2024-01-03
user_1486,2024-01-18
user_1486,2024-01-15
user_1487,2024-02-23
user_1487,2024-02-15
user_1488,2024-02-23
user_1489,2023-12-27
user_1489,2023-12-26
user_1490,2024-02-23
user_1491,2024-02-23
user_1491,2024-02-17
user_1492,2024-02-23
user_1492,2024-01-29
user_1493,2024-02-23
user_1493,2023-12-28
user_1494,2024-01-11
user_1494,2024-01-09
user_1495,2024-02-15
user_1495,2024-02-09
user_1496,2024-02-22
user_1496,2024-02-15
user_1497,2024-02-23
user_1497,2024-02-06
user_1498,2024-02-23
user_1498,2024-02-06
user_1499,2024-02-23
user_1499,2024-02-20
user_1500,2024-02-23
user_1501,2024-02-23
user_1501,2024-02-17
user_1502,2024-02-23
user_1502,2024-01-12
user_1503,2024-02-23
user_1503,2024-02-19
user_1504,2024-02-01
user_1504,2024-01-26
user_1505,2024-02-23
user_1506,2024-02-14
user_1506,2024-02-10
user_1507,2024-01-03
user_1507,2023-12-30
user_1508,2024-02-22
user_1508,2024-02-12
user_1509,2024-02-23
user_1509,2024-02-18
user_1510,2024-02-23
user_1510,2024-01-08
user_1511,2024-02-23
user_1511,2024-01-12
user_1512,2024-01-19
user_1512,2024-01-11
user_1513,2023-12-29
user_1513,2023-12-27
user_1514,2024-02-23
user_1514,2023-12-25
user_1515,2024-02-23
user_1516,2024-02-23
user_1516,2024-02-04
user_1517,2024-01-05
user_1517,2024-01-02
user_1518,2024-02-23
user_1518,2024-01-13
user_1519,2024-02-23
user_1519,2024-02-21
user_1520,2024-01-23
user_1520,2024-01-13
user_1521,2024-01-30
user_1521,2024-01-22
user_1522,2024-02-23
user_1522,2024-02-20
user_1523,2024-02-23
user_1524,2024-02-12
user_1524,2024-02-07
user_1525,2024-02-23
user_1525,2024-01-18
user_1526,2024-01-19
user_1526,2024-01-14
user_1527,2024-02-23
user_1527,2024-02-21
user_1528,2024-02-23
user_1528,2023-12-31
user_1529,2024-02-23
user_1530,2024-02-23
user_1530,2023-12-28
user_1531,2024-02-07
user_1531,2024-01-31
user_1532,2024-02-11
user_1532,2024-02-04
user_1533,2024-02-20
user_1533,2024-02-10
user_1534,2024-02-23
user_1534,2024-02-05
user_1535,2024-02-16
user_1535,2024-02-10
user_1536,2024-02-23
user_1536,2024-01-29
user_1537,2024-02-23
user_1538,2024-01-20
user_1538,2024-01-13
user_1539,2024-02-23
user_1540,2024-02-23
user_1540,2024-02-20
user_1541,2024-02-23
user_1541,2024-02-12
user_1542,2024-02-23
user_1542,2024-02-18
user_1543,2024-02-23
user_1544,2024-01-16
user_1544,2024-01-10
user_1545,2024-01-19
user_1545,2024-01-14
user_1546,2024-02-23
user_1546,2024-01-14
user_1547,2024-02-23
user_1548,2024-02-20
user_1548,2024-02-18
user_1549,2024-01-31
user_1549,2024-01-25
user_1550,2024-02-14
user_1550,2024-02-13
user_1551,2024-02-23
user_1552,2024-02-22
user_1552,2024-02-16
user_1553,2024-02-23
user_1553,2024-01-28
user_1554,2024-01-15
user_1554,2024-01-08
user_1555,2024-02-23
user_1555,2024-02-15
user_1556,2024-02-23
user_1557,2024-02-23
user_1557,2024-02-18
user_1558,2024-02-22
user_1558,2024-02-18
user_1559,2024-02-16
user_1559,2024-02-08
user_1560,2024-02-23
user_1560,2024-02-21
user_1561,2024-01-16
user_1561,2024-01-10
user_1562,2024-02-19
user_1562,2024-02-16
user_1563,2024-02-23
user_1563,2024-01-07
user_1564,2024-02-23
user_1564,2024-02-12
user_1565,2024-02-23
user_1565,2024-01-07
user_1566,2024-02-23
user_1567,2024-02-23
user_1567,2024-02-17
user_1568,2024-01-10
user_1568,2024-01-08
user_1569,2024-02-23
user_1569,2024-02-13
user_1570,2024-02-23
user_1570,2024-02-06
user_1571,2024-01-24
user_1571,2024-01-19
user_1572,2024-02-23
user_1572,2024-01-05
user_1573,2024-02-23
user_1574,2024-02-20
user_1574,2024-02-15
user_1575,2024-02-01
user_1575,2024-01-27
user_1576,2024-01-20
user_1576,2024-01-17
user_1577,2024-02-23
user_1577,2024-02-21
user_1578,2024-02-23
user_1578,2023-12-26
user_1579,2024-01-02
user_1579,2023-12-29
user_1580,2024-02-23
user_1580,2024-02-13
user_1581,2024-02-23
user_1582,2024-02-23
user_1582,2024-01-22
user_1583,2024-02-01
user_1583,2024-01-22
user_1584,2024-01-28
user_1584,2024-01-22
user_1585,2024-02-23
user_1585,2024-01-16
user_1586,2024-01-10
user_1586,2024-01-09
user_1587,2024-02-23
user_1588,2024-01-12
user_1588,2024-01-09
user_1589,2024-02-23
user_1590,2023-12-31
user_1590,2023-12-21
user_1591,2024-02-23
user_1592,2024-02-23
user_1592,2024-02-22
user_1593,2024-01-03
user_1593,2023-12-28
user_1594,2024-01-11
user_1594,2024-01-05
user_1595,2024-02-23
user_1595,2024-01-31
user_1596,2024-02-23
user_1596,2024-02-21
user_1597,2024-02-05
user_1597,2024-01-28
user_1598,2024-02-18
user_1598,2024-02-15
user_1599,2024-02-13
user_1599,2024-02-03
user_1600,2024-02-23
user_1600,2024-02-11
user_1601,2023-12-26
user_1601,2023-12-17
user_1602,2024-02-23
user_1602,2024-01-06
user_1603,2024-02-23
user_1603,2024-02-17
user_1604,2024-02-23
user_1604,2024-02-08
user_1605,2024-02-03
user_1605,2024-01-25
user_1606,2023-12-26
user_1606,2023-12-20
user_1607,2024-02-23
user_1607,2024-01-07
user_1608,2023-12-27
user_1608,2023-12-26
user_1609,2024-02-23
user_1609,2024-02-14
user_1610,2024-02-23
user_1611,2024-02-23
user_1611,2024-02-02
user_1612,2024-02-22
user_1612,2024-02-16
user_1613,2024-02-23
user_1614,2024-02-10
user_1614,2024-02-06
user_1615,2023-12-29
user_1615,2023-12-26
user_1616,2024-02-23
user_1616,2024-02-03
user_1617,2024-01-11
user_1617,2024-01-02
user_1618,2024-02-15
user_1618,2024-02-13
user_1619,2024-02-16
user_1619,2024-02-11
user_1620,2024-02-19
user_1620,2024-02-09
user_1621,2024-01-21
user_1621,2024-01-20
user_1622,2024-02-23
user_1622,2024-02-19
user_1623,2024-02-23
user_1623,2024-02-20
user_1624,2024-02-23
user_1625,2024-01-19
user_1625,2024-01-09
user_1626,2024-01-10
user_1626,2024-01-06
user_1627,2024-02-23
user_1627,2024-02-17
user_1628,2024-02-23
user_1628,2024-01-16
user_1629,2024-02-23
user_1630,2024-02-23
user_1630,2024-02-03
user_1631,2024-02-23
user_1631,2024-02-15
user_1632,2024-02-23
user_1633,2024-02-23
user_1634,2024-02-17
user_1634,2024-02-13
user_1635,2024-01-10
user_1635,2024-01-02
user_1636,2024-01-28
user_1636,2024-01-22
user_1637,2024-02-23
user_1638,2024-02-16
user_1638,2024-02-15
user_1639,2024-02-23
user_1639,2024-01-11
user_1640,2024-02-23
user_1640,2023-12-31
user_1641,2024-02-23
user_1641,2024-02-12
user_1642,2024-02-23
user_1642,2024-01-20
user_1643,2024-02-23
user_1643,2024-02-20
user_1644,2024-01-28
user_1644,2024-01-18
user_1645,2024-02-09
user_1645,2024-02-06
user_1646,2024-02-23
user_1646,2024-02-12
user_1647,2024-01-17
user_1647,2024-01-09
user_1648,2024-02-22
user_1648,2024-02-12
user_1649,2024-02-21
user_1649,2024-02-14
user_1650,2024-02-23
user_1650,2024-02-17
user_1651,2024-01-21
user_1651,2024-01-18
user_1652,2024-01-10
user_1652,2024-01-09
user_1653,2024-01-08
user_1653,2024-01-03
user_1654,2024-02-23
user_1655,2024-02-23
user_1655,2024-02-10
user_1656,2023-12-30
user_1656,2023-12-24
user_1657,2024-02-23
user_1658,2024-02-19
user_1658,2024-02-18
user_1659,2024-02-16
user_1659,2024-02-11
user_1660,2024-02-23
user_1660,2024-01-29
user_1661,2023-12-30
user_1661,2023-12-22
user_1662,2024-02-06
user_1662,2024-01-27
user_1663,2024-02-13
user_1663,2024-02-10
user_1664,2024-02-23
user_1664,2024-01-14
user_1665,2024-01-13
user_1665,2024-01-08
user_1666,2024-02-23
user_1667,2024-02-23
user_1667,2024-02-20
user_1668,2024-02-23
user_1668,2024-02-18
user_1669,2024-02-06
user_1669,2024-02-03
user_1670,2024-01-08
user_1670,2024-01-05
user_1671,2024-02-23
user_1671,2024-02-09
user_1672,2024-02-23
user_1672,2024-02-19
user_1673,2024-02-11
user_1673,2024-02-10
user_1674,2024-02-23
user_1674,2024-01-16
user_1675,2024-02-23
user_1675,2024-01-24
user_1676,2024-02-23
user_1676,2024-02-04
user_1677,2024-02-16
user_1677,2024-02-15
user_1678,2024-02-23
user_1678,2024-02-15
user_1679,2024-01-13
user_1679,2024-01-03
user_1680,2024-01-01
user_1680,2023-12-27
user_1681,2024-02-23
user_1682,2024-02-23
user_1682,2024-02-20
user_1683,2024-02-23
user_1683,2024-01-26
user_1684,2024-02-03
user_1684,2024-01-25
user_1685,2024-02-01
user_1685,2024-01-27
user_1686,2024-02-23
user_1686,2024-01-28
user_1687,2024-02-23
user_1687,2024-02-22
user_1688,2024-02-23
user_1688,2024-01-12
user_1689,2024-02-23
user_1689,2024-01-18
user_1690,2024-02-23
user_1690,2024-02-19
user_1691,2024-02-23
user_1691,2024-02-12
user_1692,2024-02-23
user_1693,2024-02-23
user_1693,2024-01-26
user_1694,2024-02-23
user_1694,2024-02-14
user_1695,2024-02-23
user_1695,2024-02-21
user_1696,2024-02-23
user_1696,2024-02-22
user_1697,2024-01-25
user_1697,2024-01-20
user_1698,2024-01-21
user_1698,2024-01-20
user_1699,2024-01-30
user_1699,2024-01-28
user_1700,2024-01-16
user_1700,2024-01-07
user_1701,2024-02-10
user_1701,2024-02-03
user_1702,2024-02-23
user_1702,2024-01-29
user_1703,2024-02-23
user_1704,2024-01-19
user_1704,2024-01-10
user_1705,2024-02-23
user_1705,2024-01-06
user_1706,2024-02-11
user_1706,2024-02-08
user_1707,2024-02-22
user_1707,2024-02-20
user_1708,2024-02-23
user_1708,2024-01-28
user_1709,2024-02-23
user_1709,2024-01-21
user_1710,2024-02-23
user_1710,2024-01-02
user_1711,2024-02-23
user_1711,2024-01-27
user_1712,2024-02-23
user_1713,2024-02-23
user_1713,2024-02-11
user_1714,2024-02-09
user_1714,2024-02-01
user_1715,2024-02-22
user_1715,2024-02-20
user_1716,2024-02-23
user_1716,2024-02-21
user_1717,2024-02-22
user_1717,2024-02-17
user_1718,2024-02-23
user_1718,2024-02-01
user_1719,2024-02-23
user_1719,2024-01-21
user_1720,2024-02-14
user_1720,2024-02-05
user_1721,2024-01-23
user_1721,2024-01-20
user_1722,2024-02-23
user_1722,2024-01-21
user_1723,2024-02-23
user_1724,2024-02-23
user_1725,2024-02-23
user_1725,2024-02-20
user_1726,2024-01-12
user_1726,2024-01-06
user_1727,2024-02-22
user_1727,2024-02-21
user_1728,2024-02-20
user_1728,2024-02-13
user_1729,2024-02-23
user_1729,2024-02-03
user_1730,2024-02-23
user_1730,2024-01-24
user_1731,2024-02-23
user_1731,2024-02-19
user_1732,2024-01-12
user_1732,2024-01-03
user_1733,2024-01-31
user_1733,2024-01-28
user_1734,2024-02-23
user_1734,2024-01-13
user_1735,2024-01-01
user_1735,2023-12-24
user_1736,2024-02-23
user_1736,2024-02-09
user_1737,2024-02-23
user_1737,2024-02-20
user_1738,2024-02-23
user_1738,2024-02-03
user_1739,2024-02-23
user_1740,2024-02-23
user_1740,2024-01-30
user_1741,2024-02-23
user_1741,2024-02-18
user_1742,2024-02-23
user_1743,2024-01-17
user_1743,2024-01-12
user_1744,2024-02-23
user_1744,2024-01-16
user_1745,2024-01-12
user_1745,2024-01-07
user_1746,2024-02-20
user_1746,2024-02-16
user_1747,2024-02-11
user_1747,2024-02-10
user_1748,2024-02-23
user_1748,2023-12-29
user_1749,2024-02-23
user_1749,2024-02-09
user_1750,2024-02-23
user_1750,2024-02-21
user_1751,2024-02-17
user_1751,2024-02-13
user_1752,2024-01-09
user_1752,2024-01-03
user_1753,2024-01-17
user_1753,2024-01-15
user_1754,2024-02-23
user_1754,2024-01-06
user_1755,2024-01-19
user_1755,2024-01-10
user_1756,2024-02-23
user_1756,2024-01-14
user_1757,2024-02-23
user_1757,2024-01-11
user_1758,2024-02-23
user_1759,2024-02-23
user_1759,2024-02-11
user_1760,2024-01-11
user_1760,2024-01-05
user_1761,2024-02-23
user_1761,2024-02-19
user_1762,2024-01-23
user_1762,2024-01-18
user_1763,2024-02-23
user_1763,2024-02-17
user_1764,2024-02-23
user_1764,2024-01-22
user_1765,2024-02-23
user_1765,2024-01-17
user_1766,2024-01-17
user_1766,2024-01-16
user_1767,2024-02-23
user_1767,2024-02-06
user_1768,2024-02-23
user_1768,2024-02-17
user_1769,2024-02-23
user_1769,2024-02-18
user_1770,2024-02-23
user_1770,2024-01-22
user_1771,2024-01-27
user_1771,2024-01-24
user_1772,2024-02-23
user_1772,2023-12-31
user_1773,2024-01-08
user_1773,2023-12-29
user_1774,2024-02-23
user_1775,2024-01-23
user_1775,2024-01-20
user_1776,2024-02-23
user_1776,2024-01-12
user_1777,2024-02-23
user_1777,2024-01-14
user_1778,2024-02-15
user_1778,2024-02-10
user_1779,2024-02-23
user_1780,2024-02-23
user_1780,2024-02-11
user_1781,2024-01-05
user_1781,2024-01-03
user_1782,2024-02-23
user_1782,2024-01-28
user_1783,2024-02-23
user_1783,2024-02-22
user_1784,2024-02-23
user_1784,2024-02-08
user_1785,2024-02-23
user_1785,2024-02-15
user_1786,2024-02-23
user_1786,2024-02-20
user_1787,2024-02-23
user_1787,2024-02-18
user_1788,2024-02-20
user_1788,2024-02-19
user_1789,2024-02-23
user_1789,2024-02-18
user_1790,2024-02-09
user_1790,2024-01-30
user_1791,2024-02-23
user_1791,2024-01-30
user_1792,2024-02-08
user_1792,2024-01-30
user_1793,2024-01-23
user_1793,2024-01-14
user_1794,2024-02-23
user_1795,2024-02-23
user_1796,2024-02-23
user_1796,2024-01-23
user_1797,2024-01-11
user_1797,2024-01-09
user_1798,2024-02-23
user_1798,2024-02-07
user_1799,2024-02-23
user_1799,2024-01-18
user_1800,2024-02-23
user_1800,2024-02-17
user_1801,2024-02-23
user_1802,2024-02-23
user_1802,2024-01-23
user_1803,2024-02-23
user_1803,2024-02-17
user_1804,2024-01-22
user_1804,2024-01-14
user_1805,2024-02-18
user_1805,2024-02-08
user_1806,2024-02-23
user_1806,2024-02-20
user_1807,2023-12-28
user_1807,2023-12-20
user_1808,2024-01-31
user_1808,2024-01-27
user_1809,2024-02-21
user_1809,2024-02-17
user_1810,2024-02-23
user_1810,2024-01-17
user_1811,2024-02-23
user_1812,2024-02-23
user_1813,2024-01-23
user_1813,2024-01-17
user_1814,2024-02-23
user_1814,2024-01-06
user_1815,2024-02-17
user_1815,2024-02-09
user_1816,2024-01-06
user_1816,2024-01-01
user_1817,2024-02-08
user_1817,2024-01-29
user_1818,2024-02-23
user_1818,2024-02-17
user_1819,2024-02-23
user_1819,2024-01-31
user_1820,2024-02-23
user_1821,2024-02-19
user_1821,2024-02-14
user_1822,2024-02-23
user_1823,2024-02-23
user_1823,2024-02-22
user_1824,2024-02-23
user_1824,2024-01-20
user_1825,2024-02-23
user_1826,2024-02-23
user_1826,2024-02-05
user_1827,2024-01-16
user_1827,2024-01-07
user_1828,2024-02-23
user_1828,2024-02-17
user_1829,2024-02-06
user_1829,2024-01-28
user_1830,2024-02-23
user_1831,2023-12-25
user_1831,2023-12-22
user_1832,2024-02-09
user_1832,2024-02-02
user_1833,2024-02-23
user_1833,2024-01-26
user_1834,2024-02-23
user_1834,2024-01-02
user_1835,2024-02-23
user_1835,2024-02-19
user_1836,2024-01-09
user_1836,2024-01-08
user_1837,2024-02-23
user_1837,2024-01-01
user_1838,2024-02-20
user_1838,2024-02-16
user_1839,2024-01-06
user_1839,2024-01-04
user_1840,2024-02-16
user_1840,2024-02-10
user_1841,2024-02-23
user_1841,2024-02-19
user_1842,2024-02-20
user_1842,2024-02-13
user_1843,2024-01-10
user_1843,2024-01-09
user_1844,2024-02-23
user_1844,2024-02-03
user_1845,2024-02-16
user_1845,2024-02-14
user_1846,2024-01-02
user_1846,2023-12-29
user_1847,2024-01-17
user_1847,2024-01-07
user_1848,2024-02-23
user_1848,2024-02-22
user_1849,2024-02-23
user_1850,2024-01-11
user_1850,2024-01-01
user_1851,2024-02-23
user_1851,2024-02-07
user_1852,2024-02-20
user_1852,2024-02-18
user_1853,2024-02-23
user_1854,2024-01-18
user_1854,2024-01-16
user_1855,2023-12-26
user_1855,2023-12-25
user_1856,2024-01-29
user_1856,2024-01-25
user_1857,2024-02-23
user_1857,2023-12-30
user_1858,2024-02-23
user_1858,2024-02-18
user_1859,2024-02-15
user_1859,2024-02-11
user_1860,2024-01-25
user_1860,2024-01-21
user_1861,2024-02-23
user_1861,2024-02-17
user_1862,2024-02-16
user_1862,2024-02-15
user_1863,2024-02-23
user_1863,2024-01-20
user_1864,2024-02-23
user_1865,2024-02-23
user_1865,2024-02-17
user_1866,2024-01-08
user_1866,2023-12-29
user_1867,2024-01-22
user_1867,2024-01-14
user_1868,2024-01-28
user_1868,2024-01-19
user_1869,2024-02-18
user_1869,2024-02-08
user_1870,2024-02-23
user_1870,2024-02-19
user_1871,2024-02-23
user_1871,2024-02-18
user_1872,2024-02-12
user_1872,2024-02-07
user_1873,2024-02-23
user_1873,2024-01-02
user_1874,2024-02-23
user_1874,2024-01-08
user_1875,2024-02-23
user_1875,2024-02-22
user_1876,2024-02-23
user_1876,2024-01-23
user_1877,2024-02-23
user_1877,2024-02-19
user_1878,2024-02-23
user_1878,2024-02-18
user_1879,2024-02-23
user_1879,2024-02-19
user_1880,2024-02-23
user_1880,2024-02-18
user_1881,2024-02-23
user_1881,2024-01-03
user_1882,2024-02-23
user_1882,2024-01-14
user_1883,2024-02-06
user_1883,2024-01-28
user_1884,2024-02-07
user_1884,2024-02-03
user_1885,2024-02-23
user_1886,2024-01-14
user_1886,2024-01-05
user_1887,2024-02-23
user_1887,2024-02-10
user_1888,2024-02-09
user_1888,2024-02-06
user_1889,2024-02-18
user_1889,2024-02-14
user_1890,2024-02-01
user_1890,2024-01-30
user_1891,2024-02-06
user_1891,2024-01-27
user_1892,2024-02-21
user_1892,2024-02-15
user_1893,2024-02-23
user_1893,2024-02-21
user_1894,2024-02-23
user_1895,2024-01-30
user_1895,2024-01-27
user_1896,2023-12-29
user_1896,2023-12-24
user_1897,2024-02-23
user_1897,2024-02-22
user_1898,2024-02-23
user_1898,2024-02-17
user_1899,2024-02-23
user_1900,2024-02-23
user_1900,2024-02-04
user_1901,2023-12-27
user_1901,2023-12-23
user_1902,2024-01-07
user_1902,2023-12-31
user_1903,2024-02-10
user_1903,2024-02-06
user_1904,2024-02-01
user_1904,2024-01-30
user_1905,2024-02-23
user_1905,2023-12-29
user_1906,2024-02-21
user_1906,2024-02-18
user_1907,2024-02-22
user_1907,2024-02-17
user_1908,2024-01-26
user_1908,2024-01-22
user_1909,2024-02-23
user_1910,2023-12-30
user_1910,2023-12-26
user_1911,2024-02-23
user_1911,2024-02-05
user_1912,2024-02-23
user_1912,2024-01-30
user_1913,2023-12-25
user_1913,2023-12-22
user_1914,2024-02-23
user_1915,2024-02-23
user_1916,2023-12-27
user_1916,2023-12-21
user_1917,2024-01-07
user_1917,2024-01-04
user_1918,2024-02-22
user_1918,2024-02-14
user_1919,2024-02-23
user_1919,2024-01-05
user_1920,2024-01-28
user_1920,2024-01-26
user_1921,2024-02-23
user_1922,2024-02-23
user_1922,2023-12-28
user_1923,2024-02-23
user_1924,2024-02-23
user_1924,2024-02-05
user_1925,2024-02-23
user_1925,2024-02-20
user_1926,2024-02-16
user_1926,2024-02-15
user_1927,2024-02-23
user_1927,2024-01-03
user_1928,2024-02-23
user_1928,2024-01-12
user_1929,2024-02-08
user_1929,2024-02-07
user_1930,2024-01-21
user_1930,2024-01-14
user_1931,2024-01-09
user_1931,2024-01-01
user_1932,2024-02-23
user_1932,2024-01-16
user_1933,2024-02-23
user_1933,2024-01-09
user_1934,2024-02-23
user_1934,2024-02-05
user_1935,2024-02-23
user_1935,2023-12-25
user_1936,2024-02-21
user_1936,2024-02-17
user_1937,2024-02-16
user_1937,2024-02-08
user_1938,2024-02-23
user_1938,2024-01-17
user_1939,2024-02-23
user_1940,2024-02-23
user_1940,2024-02-17
user_1941,2024-02-23
user_1942,2024-01-02
user_1942,2023-12-30
user_1943,2024-02-23
user_1943,2024-02-19
user_1944,2023-12-31
user_1944,2023-12-26
user_1945,2024-02-23
user_1945,2024-02-15
user_1946,2024-02-23
user_1946,2024-01-03
user_1947,2024-01-09
user_1947,2024-01-03
user_1948,2024-01-14
user_1948,2024-01-07
user_1949,2024-02-20
user_1949,2024-02-19
user_1950,2024-02-23
user_1950,2024-02-16
user_1951,2024-02-23
user_1952,2024-02-23
user_1953,2024-02-23
user_1953,2024-02-21
user_1954,2024-02-23
user_1955,2024-02-16
user_1955,2024-02-09
user_1956,2024-02-23
user_1957,2024-02-23
user_1957,2024-01-23
user_1958,2024-02-20
user_1958,2024-02-13
user_1959,2024-02-23
user_1959,2024-01-07
user_1960,2024-02-23
user_1960,2024-02-14
user_1961,2024-02-23
user_1962,2024-01-29
user_1962,2024-01-24
user_1963,2024-02-18
user_1963,2024-02-10
user_1964,2024-02-23
user_1965,2024-02-14
user_1965,2024-02-13
user_1966,2024-02-23
user_1967,2024-02-23
user_1967,2024-01-30
user_1968,2024-02-19
user_1968,2024-02-09
user_1969,2024-02-23
user_1969,2024-01-08
user_1970,2024-02-18
user_1970,2024-02-13
user_1971,2024-02-18
user_1971,2024-02-16
user_1972,2024-02-11
user_1972,2024-02-02
user_1973,2024-01-23
user_1973,2024-01-13
user_1974,2024-01-02
user_1974,2023-12-23
user_1975,2024-02-23
user_1976,2024-02-23
user_1977,2024-02-23
user_1977,2024-02-18
user_1978,2024-02-23
user_1978,2024-02-15
user_1979,2024-02-23
user_1979,2024-02-18
user_1980,2024-02-23
user_1980,2024-01-06
user_1981,2024-02-18
user_1981,2024-02-08
user_1982,2024-02-23
user_1982,2023-12-27
user_1983,2024-02-23
user_1984,2024-02-23
user_1984,2024-02-18
user_1985,2024-02-19
user_1985,2024-02-09
user_1986,2024-02-23
user_1987,2023-12-27
user_1987,2023-12-23
user_1988,2024-02-23
user_1989,2024-02-23
user_1989,2024-02-21
user_1990,2024-02-23
user_1990,2024-02-21
user_1991,2024-01-11
user_1991,2024-01-04
user_1992,2024-02-23
user_1993,2023-12-27
user_1993,2023-12-26
user_1994,2024-02-23
user_1994,2024-01-24
user_1995,2024-02-23
user_1995,2024-02-04
user_1996,2024-02-16
user_1996,2024-02-13
user_1997,2024-02-23
user_1997,2024-02-02
user_1998,2024-02-19
user_1998,2024-02-09
user_1999,2024-02-23
user_1999,2024-02-16
user_2000,2024-02-10
user_2000,2024-02-03
user_2001,2024-02-23
user_2001,2024-01-24
